,drug,disease,label
0,475.0,43.0,1.0
1,571.0,224.0,1.0
2,255.0,174.0,1.0
3,63.0,134.0,1.0
4,110.0,41.0,1.0
5,198.0,130.0,1.0
6,395.0,359.0,1.0
7,358.0,184.0,1.0
8,396.0,405.0,1.0
9,85.0,41.0,1.0
10,241.0,24.0,1.0
11,247.0,99.0,1.0
12,3.0,42.0,1.0
13,131.0,163.0,1.0
14,523.0,146.0,1.0
15,181.0,99.0,1.0
16,376.0,40.0,1.0
17,171.0,316.0,1.0
18,333.0,99.0,1.0
19,346.0,347.0,1.0
20,612.0,321.0,1.0
21,213.0,277.0,1.0
22,402.0,196.0,1.0
23,354.0,128.0,1.0
24,468.0,114.0,1.0
25,521.0,362.0,1.0
26,551.0,344.0,1.0
27,533.0,40.0,1.0
28,150.0,322.0,1.0
29,401.0,132.0,1.0
30,23.0,80.0,1.0
31,262.0,298.0,1.0
32,418.0,358.0,1.0
33,141.0,405.0,1.0
34,311.0,7.0,1.0
35,413.0,313.0,1.0
36,512.0,124.0,1.0
37,500.0,249.0,1.0
38,482.0,43.0,1.0
39,600.0,88.0,1.0
40,312.0,99.0,1.0
41,395.0,362.0,1.0
42,49.0,210.0,1.0
43,516.0,83.0,1.0
44,578.0,183.0,1.0
45,205.0,390.0,1.0
46,658.0,359.0,1.0
47,180.0,279.0,1.0
48,31.0,243.0,1.0
49,293.0,362.0,1.0
50,343.0,371.0,1.0
51,509.0,303.0,1.0
52,383.0,359.0,1.0
53,455.0,369.0,1.0
54,430.0,328.0,1.0
55,624.0,316.0,1.0
56,36.0,392.0,1.0
57,109.0,392.0,1.0
58,635.0,149.0,1.0
59,367.0,392.0,1.0
60,104.0,81.0,1.0
61,42.0,28.0,1.0
62,245.0,405.0,1.0
63,363.0,308.0,1.0
64,583.0,24.0,1.0
65,608.0,392.0,1.0
66,142.0,342.0,1.0
67,39.0,372.0,1.0
68,278.0,221.0,1.0
69,257.0,199.0,1.0
70,520.0,332.0,1.0
71,355.0,275.0,1.0
72,456.0,24.0,1.0
73,453.0,19.0,1.0
74,303.0,5.0,1.0
75,136.0,124.0,1.0
76,242.0,127.0,1.0
77,173.0,131.0,1.0
78,461.0,99.0,1.0
79,64.0,67.0,1.0
80,359.0,8.0,1.0
81,588.0,312.0,1.0
82,571.0,144.0,1.0
83,498.0,187.0,1.0
84,0.0,48.0,1.0
85,162.0,318.0,1.0
86,141.0,88.0,1.0
87,598.0,280.0,1.0
88,572.0,124.0,1.0
89,326.0,149.0,1.0
90,41.0,269.0,1.0
91,116.0,298.0,1.0
92,301.0,328.0,1.0
93,358.0,53.0,1.0
94,339.0,36.0,1.0
95,140.0,300.0,1.0
96,80.0,72.0,1.0
97,301.0,308.0,1.0
98,275.0,316.0,1.0
99,453.0,224.0,1.0
100,275.0,245.0,1.0
101,237.0,73.0,1.0
102,205.0,364.0,1.0
103,461.0,385.0,1.0
104,442.0,405.0,1.0
105,213.0,224.0,1.0
106,461.0,1.0,1.0
107,286.0,99.0,1.0
108,5.0,128.0,1.0
109,309.0,122.0,1.0
110,183.0,146.0,1.0
111,578.0,322.0,1.0
112,464.0,39.0,1.0
113,304.0,124.0,1.0
114,401.0,341.0,1.0
115,401.0,130.0,1.0
116,199.0,237.0,1.0
117,50.0,381.0,1.0
118,275.0,288.0,1.0
119,498.0,395.0,1.0
120,617.0,134.0,1.0
121,14.0,130.0,1.0
122,624.0,48.0,1.0
123,406.0,99.0,1.0
124,122.0,405.0,1.0
125,486.0,342.0,1.0
126,105.0,344.0,1.0
127,422.0,314.0,1.0
128,138.0,390.0,1.0
129,87.0,306.0,1.0
130,588.0,390.0,1.0
131,55.0,401.0,1.0
132,637.0,245.0,1.0
133,69.0,27.0,1.0
134,1.0,171.0,1.0
135,254.0,135.0,1.0
136,285.0,322.0,1.0
137,343.0,322.0,1.0
138,430.0,335.0,1.0
139,170.0,200.0,1.0
140,260.0,21.0,1.0
141,66.0,199.0,1.0
142,268.0,183.0,1.0
143,459.0,244.0,1.0
144,431.0,24.0,1.0
145,128.0,275.0,1.0
146,407.0,251.0,1.0
147,113.0,294.0,1.0
148,651.0,359.0,1.0
149,658.0,362.0,1.0
150,493.0,375.0,1.0
151,80.0,279.0,1.0
152,19.0,342.0,1.0
153,534.0,132.0,1.0
154,190.0,128.0,1.0
155,528.0,244.0,1.0
156,175.0,362.0,1.0
157,440.0,405.0,1.0
158,22.0,3.0,1.0
159,591.0,269.0,1.0
160,136.0,68.0,1.0
161,49.0,152.0,1.0
162,254.0,364.0,1.0
163,615.0,405.0,1.0
164,68.0,280.0,1.0
165,662.0,339.0,1.0
166,552.0,201.0,1.0
167,36.0,1.0,1.0
168,22.0,268.0,1.0
169,268.0,27.0,1.0
170,573.0,334.0,1.0
171,243.0,157.0,1.0
172,275.0,107.0,1.0
173,564.0,334.0,1.0
174,275.0,355.0,1.0
175,90.0,277.0,1.0
176,484.0,105.0,1.0
177,382.0,224.0,1.0
178,395.0,347.0,1.0
179,288.0,334.0,1.0
180,367.0,128.0,1.0
181,9.0,282.0,1.0
182,263.0,141.0,1.0
183,253.0,183.0,1.0
184,498.0,374.0,1.0
185,205.0,134.0,1.0
186,573.0,68.0,1.0
187,265.0,99.0,1.0
188,295.0,289.0,1.0
189,514.0,405.0,1.0
190,22.0,310.0,1.0
191,413.0,397.0,1.0
192,241.0,54.0,1.0
193,552.0,180.0,1.0
194,49.0,394.0,1.0
195,423.0,255.0,1.0
196,283.0,99.0,1.0
197,420.0,325.0,1.0
198,383.0,183.0,1.0
199,369.0,228.0,1.0
200,501.0,359.0,1.0
201,292.0,382.0,1.0
202,662.0,207.0,1.0
203,564.0,68.0,1.0
204,250.0,405.0,1.0
205,255.0,405.0,1.0
206,584.0,89.0,1.0
207,331.0,163.0,1.0
208,461.0,387.0,1.0
209,486.0,136.0,1.0
210,331.0,120.0,1.0
211,37.0,124.0,1.0
212,129.0,224.0,1.0
213,239.0,99.0,1.0
214,430.0,181.0,1.0
215,650.0,359.0,1.0
216,173.0,183.0,1.0
217,106.0,287.0,1.0
218,408.0,125.0,1.0
219,506.0,100.0,1.0
220,72.0,1.0,1.0
221,662.0,290.0,1.0
222,444.0,405.0,1.0
223,289.0,197.0,1.0
224,30.0,123.0,1.0
225,160.0,40.0,1.0
226,503.0,347.0,1.0
227,50.0,289.0,1.0
228,21.0,394.0,1.0
229,465.0,183.0,1.0
230,438.0,280.0,1.0
231,449.0,306.0,1.0
232,445.0,261.0,1.0
233,248.0,382.0,1.0
234,202.0,291.0,1.0
235,275.0,358.0,1.0
236,569.0,385.0,1.0
237,409.0,334.0,1.0
238,227.0,224.0,1.0
239,193.0,378.0,1.0
240,500.0,248.0,1.0
241,513.0,99.0,1.0
242,646.0,145.0,1.0
243,501.0,100.0,1.0
244,420.0,99.0,1.0
245,358.0,352.0,1.0
246,248.0,1.0,1.0
247,332.0,347.0,1.0
248,493.0,89.0,1.0
249,140.0,193.0,1.0
250,163.0,383.0,1.0
251,306.0,331.0,1.0
252,252.0,73.0,1.0
253,357.0,36.0,1.0
254,125.0,117.0,1.0
255,502.0,130.0,1.0
256,145.0,312.0,1.0
257,1.0,57.0,1.0
258,415.0,32.0,1.0
259,180.0,250.0,1.0
260,229.0,25.0,1.0
261,548.0,340.0,1.0
262,596.0,280.0,1.0
263,442.0,124.0,1.0
264,72.0,136.0,1.0
265,461.0,352.0,1.0
266,209.0,163.0,1.0
267,322.0,12.0,1.0
268,442.0,88.0,1.0
269,551.0,99.0,1.0
270,9.0,130.0,1.0
271,387.0,196.0,1.0
272,29.0,44.0,1.0
273,86.0,125.0,1.0
274,392.0,396.0,1.0
275,397.0,177.0,1.0
276,559.0,136.0,1.0
277,135.0,325.0,1.0
278,624.0,11.0,1.0
279,303.0,118.0,1.0
280,467.0,183.0,1.0
281,597.0,271.0,1.0
282,633.0,355.0,1.0
283,643.0,136.0,1.0
284,299.0,124.0,1.0
285,318.0,197.0,1.0
286,74.0,358.0,1.0
287,214.0,405.0,1.0
288,11.0,392.0,1.0
289,356.0,181.0,1.0
290,455.0,364.0,1.0
291,239.0,358.0,1.0
292,252.0,103.0,1.0
293,315.0,259.0,1.0
294,652.0,371.0,1.0
295,133.0,48.0,1.0
296,267.0,50.0,1.0
297,39.0,137.0,1.0
298,98.0,405.0,1.0
299,503.0,358.0,1.0
300,87.0,130.0,1.0
301,269.0,405.0,1.0
302,383.0,396.0,1.0
303,71.0,21.0,1.0
304,551.0,122.0,1.0
305,138.0,309.0,1.0
306,571.0,331.0,1.0
307,405.0,164.0,1.0
308,0.0,144.0,1.0
309,326.0,152.0,1.0
310,363.0,157.0,1.0
311,245.0,21.0,1.0
312,180.0,72.0,1.0
313,83.0,280.0,1.0
314,409.0,68.0,1.0
315,462.0,24.0,1.0
316,110.0,143.0,1.0
317,633.0,107.0,1.0
318,562.0,99.0,1.0
319,253.0,359.0,1.0
320,211.0,89.0,1.0
321,630.0,267.0,1.0
322,543.0,133.0,1.0
323,415.0,44.0,1.0
324,138.0,344.0,1.0
325,299.0,405.0,1.0
326,22.0,301.0,1.0
327,321.0,405.0,1.0
328,379.0,222.0,1.0
329,349.0,151.0,1.0
330,647.0,360.0,1.0
331,550.0,405.0,1.0
332,488.0,235.0,1.0
333,399.0,276.0,1.0
334,497.0,28.0,1.0
335,508.0,341.0,1.0
336,658.0,358.0,1.0
337,505.0,19.0,1.0
338,494.0,148.0,1.0
339,438.0,54.0,1.0
340,471.0,89.0,1.0
341,227.0,330.0,1.0
342,437.0,168.0,1.0
343,443.0,371.0,1.0
344,490.0,354.0,1.0
345,603.0,40.0,1.0
346,486.0,364.0,1.0
347,163.0,217.0,1.0
348,395.0,371.0,1.0
349,358.0,386.0,1.0
350,590.0,125.0,1.0
351,255.0,124.0,1.0
352,593.0,133.0,1.0
353,387.0,271.0,1.0
354,101.0,117.0,1.0
355,132.0,100.0,1.0
356,219.0,146.0,1.0
357,367.0,181.0,1.0
358,588.0,309.0,1.0
359,376.0,318.0,1.0
360,1.0,39.0,1.0
361,43.0,405.0,1.0
362,430.0,350.0,1.0
363,621.0,89.0,1.0
364,493.0,128.0,1.0
365,297.0,37.0,1.0
366,162.0,41.0,1.0
367,263.0,392.0,1.0
368,319.0,359.0,1.0
369,402.0,251.0,1.0
370,70.0,19.0,1.0
371,261.0,168.0,1.0
372,242.0,47.0,1.0
373,121.0,365.0,1.0
374,201.0,382.0,1.0
375,297.0,357.0,1.0
376,377.0,342.0,1.0
377,229.0,12.0,1.0
378,166.0,81.0,1.0
379,261.0,85.0,1.0
380,131.0,124.0,1.0
381,498.0,296.0,1.0
382,505.0,280.0,1.0
383,105.0,135.0,1.0
384,241.0,186.0,1.0
385,61.0,280.0,1.0
386,54.0,405.0,1.0
387,205.0,135.0,1.0
388,71.0,124.0,1.0
389,412.0,28.0,1.0
390,540.0,362.0,1.0
391,161.0,37.0,1.0
392,662.0,348.0,1.0
393,609.0,183.0,1.0
394,660.0,345.0,1.0
395,47.0,314.0,1.0
396,267.0,399.0,1.0
397,434.0,379.0,1.0
398,247.0,73.0,1.0
399,248.0,124.0,1.0
400,658.0,347.0,1.0
401,224.0,22.0,1.0
402,109.0,73.0,1.0
403,174.0,360.0,1.0
404,99.0,37.0,1.0
405,341.0,25.0,1.0
406,245.0,162.0,1.0
407,541.0,219.0,1.0
408,439.0,16.0,1.0
409,244.0,277.0,1.0
410,548.0,190.0,1.0
411,312.0,174.0,1.0
412,225.0,271.0,1.0
413,641.0,399.0,1.0
414,275.0,359.0,1.0
415,335.0,362.0,1.0
416,1.0,284.0,1.0
417,67.0,358.0,1.0
418,418.0,359.0,1.0
419,600.0,405.0,1.0
420,11.0,128.0,1.0
421,213.0,20.0,1.0
422,521.0,358.0,1.0
423,368.0,183.0,1.0
424,624.0,196.0,1.0
425,89.0,76.0,1.0
426,205.0,370.0,1.0
427,382.0,274.0,1.0
428,533.0,318.0,1.0
429,608.0,128.0,1.0
430,138.0,364.0,1.0
431,362.0,298.0,1.0
432,28.0,322.0,1.0
433,236.0,170.0,1.0
434,138.0,259.0,1.0
435,179.0,68.0,1.0
436,643.0,364.0,1.0
437,167.0,362.0,1.0
438,34.0,1.0,1.0
439,367.0,73.0,1.0
440,621.0,99.0,1.0
441,49.0,262.0,1.0
442,267.0,345.0,1.0
443,169.0,152.0,1.0
444,267.0,331.0,1.0
445,462.0,345.0,1.0
446,594.0,405.0,1.0
447,203.0,40.0,1.0
448,358.0,162.0,1.0
449,498.0,292.0,1.0
450,546.0,81.0,1.0
451,315.0,312.0,1.0
452,532.0,163.0,1.0
453,482.0,41.0,1.0
454,393.0,124.0,1.0
455,542.0,99.0,1.0
456,446.0,347.0,1.0
457,662.0,42.0,1.0
458,447.0,79.0,1.0
459,514.0,269.0,1.0
460,161.0,309.0,1.0
461,500.0,133.0,1.0
462,619.0,241.0,1.0
463,577.0,99.0,1.0
464,587.0,131.0,1.0
465,65.0,320.0,1.0
466,72.0,135.0,1.0
467,227.0,239.0,1.0
468,171.0,196.0,1.0
469,486.0,259.0,1.0
470,462.0,331.0,1.0
471,186.0,99.0,1.0
472,568.0,134.0,1.0
473,86.0,49.0,1.0
474,598.0,208.0,1.0
475,486.0,357.0,1.0
476,592.0,84.0,1.0
477,482.0,405.0,1.0
478,493.0,243.0,1.0
479,105.0,390.0,1.0
480,340.0,358.0,1.0
481,159.0,149.0,1.0
482,496.0,149.0,1.0
483,356.0,117.0,1.0
484,71.0,404.0,1.0
485,95.0,65.0,1.0
486,500.0,376.0,1.0
487,72.0,390.0,1.0
488,413.0,199.0,1.0
489,372.0,325.0,1.0
490,120.0,311.0,1.0
491,484.0,166.0,1.0
492,602.0,222.0,1.0
493,142.0,9.0,1.0
494,446.0,362.0,1.0
495,596.0,65.0,1.0
496,189.0,174.0,1.0
497,161.0,136.0,1.0
498,248.0,67.0,1.0
499,477.0,405.0,1.0
500,135.0,89.0,1.0
501,154.0,247.0,1.0
502,142.0,369.0,1.0
503,292.0,29.0,1.0
504,387.0,335.0,1.0
505,461.0,386.0,1.0
506,490.0,408.0,1.0
507,591.0,124.0,1.0
508,268.0,100.0,1.0
509,461.0,81.0,1.0
510,643.0,1.0,1.0
511,307.0,251.0,1.0
512,267.0,389.0,1.0
513,183.0,124.0,1.0
514,141.0,36.0,1.0
515,18.0,281.0,1.0
516,561.0,405.0,1.0
517,459.0,147.0,1.0
518,90.0,224.0,1.0
519,339.0,308.0,1.0
520,633.0,335.0,1.0
521,148.0,135.0,1.0
522,478.0,18.0,1.0
523,400.0,401.0,1.0
524,13.0,285.0,1.0
525,2.0,107.0,1.0
526,87.0,197.0,1.0
527,145.0,344.0,1.0
528,363.0,328.0,1.0
529,471.0,376.0,1.0
530,12.0,310.0,1.0
531,453.0,272.0,1.0
532,596.0,114.0,1.0
533,8.0,173.0,1.0
534,622.0,244.0,1.0
535,490.0,342.0,1.0
536,44.0,157.0,1.0
537,214.0,94.0,1.0
538,19.0,283.0,1.0
539,248.0,81.0,1.0
540,353.0,197.0,1.0
541,328.0,347.0,1.0
542,247.0,392.0,1.0
543,275.0,106.0,1.0
544,407.0,316.0,1.0
545,218.0,99.0,1.0
546,153.0,26.0,1.0
547,209.0,18.0,1.0
548,14.0,94.0,1.0
549,652.0,358.0,1.0
550,287.0,199.0,1.0
551,460.0,62.0,1.0
552,613.0,199.0,1.0
553,72.0,364.0,1.0
554,124.0,331.0,1.0
555,273.0,132.0,1.0
556,377.0,9.0,1.0
557,64.0,149.0,1.0
558,145.0,370.0,1.0
559,275.0,5.0,1.0
560,358.0,199.0,1.0
561,464.0,182.0,1.0
562,323.0,161.0,1.0
563,248.0,159.0,1.0
564,625.0,371.0,1.0
565,510.0,297.0,1.0
566,5.0,73.0,1.0
567,486.0,370.0,1.0
568,588.0,136.0,1.0
569,312.0,311.0,1.0
570,93.0,60.0,1.0
571,637.0,280.0,1.0
572,402.0,405.0,1.0
573,29.0,164.0,1.0
574,430.0,117.0,1.0
575,254.0,136.0,1.0
576,307.0,316.0,1.0
577,575.0,140.0,1.0
578,270.0,149.0,1.0
579,450.0,331.0,1.0
580,572.0,112.0,1.0
581,166.0,135.0,1.0
582,241.0,65.0,1.0
583,430.0,355.0,1.0
584,14.0,268.0,1.0
585,166.0,309.0,1.0
586,542.0,76.0,1.0
587,370.0,124.0,1.0
588,517.0,190.0,1.0
589,172.0,305.0,1.0
590,299.0,88.0,1.0
591,318.0,153.0,1.0
592,511.0,362.0,1.0
593,387.0,298.0,1.0
594,413.0,352.0,1.0
595,94.0,168.0,1.0
596,485.0,404.0,1.0
597,290.0,67.0,1.0
598,251.0,314.0,1.0
599,623.0,99.0,1.0
600,29.0,47.0,1.0
601,245.0,289.0,1.0
602,570.0,162.0,1.0
603,275.0,154.0,1.0
604,287.0,240.0,1.0
605,67.0,359.0,1.0
606,540.0,371.0,1.0
607,85.0,318.0,1.0
608,309.0,117.0,1.0
609,399.0,153.0,1.0
610,559.0,135.0,1.0
611,387.0,280.0,1.0
612,202.0,8.0,1.0
613,560.0,38.0,1.0
614,455.0,259.0,1.0
615,217.0,196.0,1.0
616,551.0,312.0,1.0
617,200.0,334.0,1.0
618,375.0,371.0,1.0
619,12.0,130.0,1.0
620,171.0,251.0,1.0
621,583.0,101.0,1.0
622,193.0,243.0,1.0
623,60.0,89.0,1.0
624,488.0,247.0,1.0
625,346.0,358.0,1.0
626,190.0,73.0,1.0
627,75.0,117.0,1.0
628,464.0,405.0,1.0
629,251.0,18.0,1.0
630,400.0,145.0,1.0
631,358.0,273.0,1.0
632,377.0,391.0,1.0
633,162.0,40.0,1.0
634,238.0,149.0,1.0
635,368.0,188.0,1.0
636,413.0,228.0,1.0
637,587.0,358.0,1.0
638,203.0,41.0,1.0
639,268.0,147.0,1.0
640,169.0,394.0,1.0
641,502.0,61.0,1.0
642,455.0,134.0,1.0
643,651.0,347.0,1.0
644,227.0,247.0,1.0
645,656.0,202.0,1.0
646,643.0,390.0,1.0
647,61.0,44.0,1.0
648,275.0,208.0,1.0
649,313.0,3.0,1.0
650,429.0,392.0,1.0
651,206.0,99.0,1.0
652,455.0,357.0,1.0
653,275.0,229.0,1.0
654,235.0,280.0,1.0
655,145.0,135.0,1.0
656,464.0,316.0,1.0
657,292.0,404.0,1.0
658,255.0,146.0,1.0
659,105.0,259.0,1.0
660,587.0,156.0,1.0
661,436.0,396.0,1.0
662,78.0,183.0,1.0
663,99.0,354.0,1.0
664,397.0,251.0,1.0
665,103.0,379.0,1.0
666,356.0,89.0,1.0
667,297.0,10.0,1.0
668,19.0,369.0,1.0
669,118.0,100.0,1.0
670,482.0,40.0,1.0
671,204.0,124.0,1.0
672,369.0,69.0,1.0
673,305.0,138.0,1.0
674,625.0,359.0,1.0
675,143.0,188.0,1.0
676,383.0,89.0,1.0
677,154.0,280.0,1.0
678,275.0,97.0,1.0
679,397.0,196.0,1.0
680,574.0,17.0,1.0
681,288.0,68.0,1.0
682,40.0,73.0,1.0
683,566.0,144.0,1.0
684,71.0,382.0,1.0
685,439.0,73.0,1.0
686,85.0,40.0,1.0
687,1.0,323.0,1.0
688,569.0,397.0,1.0
689,150.0,362.0,1.0
690,252.0,392.0,1.0
691,610.0,181.0,1.0
692,388.0,73.0,1.0
693,587.0,362.0,1.0
694,275.0,178.0,1.0
695,369.0,199.0,1.0
696,253.0,362.0,1.0
697,166.0,163.0,1.0
698,25.0,405.0,1.0
699,241.0,239.0,1.0
700,500.0,128.0,1.0
701,179.0,69.0,1.0
702,157.0,371.0,1.0
703,607.0,88.0,1.0
704,290.0,88.0,1.0
705,412.0,404.0,1.0
706,119.0,382.0,1.0
707,654.0,362.0,1.0
708,571.0,19.0,1.0
709,588.0,344.0,1.0
710,477.0,124.0,1.0
711,145.0,259.0,1.0
712,369.0,98.0,1.0
713,152.0,297.0,1.0
714,317.0,183.0,1.0
715,499.0,40.0,1.0
716,199.0,403.0,1.0
717,422.0,298.0,1.0
718,462.0,274.0,1.0
719,161.0,134.0,1.0
720,148.0,364.0,1.0
721,307.0,188.0,1.0
722,525.0,146.0,1.0
723,411.0,396.0,1.0
724,430.0,13.0,1.0
725,659.0,367.0,1.0
726,341.0,237.0,1.0
727,414.0,318.0,1.0
728,163.0,393.0,1.0
729,502.0,94.0,1.0
730,369.0,234.0,1.0
731,351.0,184.0,1.0
732,435.0,379.0,1.0
733,29.0,160.0,1.0
734,23.0,328.0,1.0
735,19.0,9.0,1.0
736,268.0,139.0,1.0
737,384.0,280.0,1.0
738,411.0,99.0,1.0
739,251.0,298.0,1.0
740,559.0,370.0,1.0
741,227.0,272.0,1.0
742,391.0,332.0,1.0
743,90.0,113.0,1.0
744,576.0,198.0,1.0
745,109.0,117.0,1.0
746,141.0,146.0,1.0
747,268.0,359.0,1.0
748,331.0,37.0,1.0
749,423.0,238.0,1.0
750,606.0,367.0,1.0
751,88.0,69.0,1.0
752,230.0,243.0,1.0
753,455.0,390.0,1.0
754,556.0,239.0,1.0
755,146.0,100.0,1.0
756,356.0,243.0,1.0
757,603.0,43.0,1.0
758,389.0,298.0,1.0
759,252.0,128.0,1.0
760,176.0,224.0,1.0
761,262.0,18.0,1.0
762,35.0,267.0,1.0
763,603.0,318.0,1.0
764,315.0,136.0,1.0
765,192.0,322.0,1.0
766,550.0,124.0,1.0
767,103.0,117.0,1.0
768,152.0,100.0,1.0
769,102.0,89.0,1.0
770,437.0,351.0,1.0
771,138.0,135.0,1.0
772,297.0,369.0,1.0
773,621.0,128.0,1.0
774,305.0,219.0,1.0
775,47.0,163.0,1.0
776,101.0,99.0,1.0
777,352.0,378.0,1.0
778,277.0,100.0,1.0
779,275.0,78.0,1.0
780,555.0,345.0,1.0
781,117.0,347.0,1.0
782,7.0,230.0,1.0
783,305.0,124.0,1.0
784,247.0,128.0,1.0
785,581.0,278.0,1.0
786,345.0,89.0,1.0
787,551.0,135.0,1.0
788,454.0,124.0,1.0
789,356.0,73.0,1.0
790,369.0,316.0,1.0
791,462.0,65.0,1.0
792,332.0,358.0,1.0
793,516.0,80.0,1.0
794,571.0,272.0,1.0
795,95.0,20.0,1.0
796,296.0,41.0,1.0
797,14.0,232.0,1.0
798,222.0,8.0,1.0
799,184.0,76.0,1.0
800,290.0,124.0,1.0
801,342.0,279.0,1.0
802,533.0,43.0,1.0
803,205.0,344.0,1.0
804,351.0,293.0,1.0
805,607.0,405.0,1.0
806,609.0,322.0,1.0
807,109.0,56.0,1.0
808,500.0,73.0,1.0
809,101.0,396.0,1.0
810,178.0,163.0,1.0
811,86.0,133.0,1.0
812,390.0,358.0,1.0
813,99.0,8.0,1.0
814,61.0,105.0,1.0
815,375.0,359.0,1.0
816,574.0,99.0,1.0
817,569.0,293.0,1.0
818,152.0,267.0,1.0
819,329.0,183.0,1.0
820,94.0,48.0,1.0
821,127.0,99.0,1.0
822,72.0,259.0,1.0
823,163.0,254.0,1.0
824,113.0,149.0,1.0
825,377.0,408.0,1.0
826,70.0,272.0,1.0
827,75.0,303.0,1.0
828,241.0,245.0,1.0
829,455.0,391.0,1.0
830,42.0,404.0,1.0
831,131.0,18.0,1.0
832,184.0,133.0,1.0
833,564.0,124.0,1.0
834,223.0,183.0,1.0
835,334.0,99.0,1.0
836,260.0,405.0,1.0
837,50.0,377.0,1.0
838,241.0,218.0,1.0
839,244.0,156.0,1.0
840,645.0,365.0,1.0
841,559.0,344.0,1.0
842,387.0,402.0,1.0
843,478.0,167.0,1.0
844,413.0,293.0,1.0
845,119.0,404.0,1.0
846,561.0,124.0,1.0
847,172.0,340.0,1.0
848,116.0,314.0,1.0
849,254.0,312.0,1.0
850,41.0,124.0,1.0
851,454.0,94.0,1.0
852,145.0,37.0,1.0
853,248.0,76.0,1.0
854,253.0,371.0,1.0
855,417.0,117.0,1.0
856,69.0,190.0,1.0
857,521.0,359.0,1.0
858,627.0,123.0,1.0
859,86.0,378.0,1.0
860,14.0,301.0,1.0
861,551.0,174.0,1.0
862,649.0,148.0,1.0
863,170.0,366.0,1.0
864,14.0,93.0,1.0
865,448.0,328.0,1.0
866,614.0,149.0,1.0
867,387.0,97.0,1.0
868,321.0,401.0,1.0
869,109.0,346.0,1.0
870,402.0,94.0,1.0
871,174.0,24.0,1.0
872,529.0,40.0,1.0
873,354.0,73.0,1.0
874,660.0,399.0,1.0
875,569.0,386.0,1.0
876,50.0,117.0,1.0
877,171.0,405.0,1.0
878,462.0,280.0,1.0
879,343.0,358.0,1.0
880,260.0,118.0,1.0
881,574.0,8.0,1.0
882,292.0,405.0,1.0
883,21.0,209.0,1.0
884,559.0,134.0,1.0
885,238.0,199.0,1.0
886,368.0,322.0,1.0
887,576.0,336.0,1.0
888,217.0,124.0,1.0
889,463.0,379.0,1.0
890,470.0,399.0,1.0
891,263.0,181.0,1.0
892,1.0,299.0,1.0
893,440.0,124.0,1.0
894,617.0,135.0,1.0
895,84.0,371.0,1.0
896,503.0,362.0,1.0
897,473.0,106.0,1.0
898,53.0,318.0,1.0
899,451.0,322.0,1.0
900,30.0,361.0,1.0
901,149.0,36.0,1.0
902,353.0,24.0,1.0
903,293.0,358.0,1.0
904,226.0,99.0,1.0
905,305.0,112.0,1.0
906,225.0,89.0,1.0
907,176.0,239.0,1.0
908,303.0,243.0,1.0
909,247.0,376.0,1.0
910,367.0,56.0,1.0
911,587.0,196.0,1.0
912,254.0,370.0,1.0
913,228.0,94.0,1.0
914,351.0,313.0,1.0
915,360.0,124.0,1.0
916,115.0,359.0,1.0
917,382.0,114.0,1.0
918,36.0,128.0,1.0
919,542.0,133.0,1.0
920,506.0,89.0,1.0
921,307.0,177.0,1.0
922,504.0,16.0,1.0
923,579.0,183.0,1.0
924,330.0,15.0,1.0
925,97.0,382.0,1.0
926,170.0,371.0,1.0
927,349.0,280.0,1.0
928,142.0,391.0,1.0
929,169.0,89.0,1.0
930,452.0,11.0,1.0
931,438.0,20.0,1.0
932,358.0,52.0,1.0
933,480.0,405.0,1.0
934,631.0,267.0,1.0
935,164.0,196.0,1.0
936,90.0,272.0,1.0
937,546.0,405.0,1.0
938,661.0,371.0,1.0
939,226.0,323.0,1.0
940,426.0,38.0,1.0
941,9.0,93.0,1.0
942,241.0,224.0,1.0
943,526.0,28.0,1.0
944,26.0,405.0,1.0
945,387.0,107.0,1.0
946,238.0,365.0,1.0
947,275.0,402.0,1.0
948,150.0,183.0,1.0
949,595.0,347.0,1.0
950,518.0,65.0,1.0
951,87.0,144.0,1.0
952,208.0,392.0,1.0
953,53.0,41.0,1.0
954,307.0,124.0,1.0
955,294.0,334.0,1.0
956,268.0,102.0,1.0
957,662.0,333.0,1.0
958,507.0,83.0,1.0
959,152.0,396.0,1.0
960,83.0,247.0,1.0
961,471.0,181.0,1.0
962,203.0,318.0,1.0
963,145.0,136.0,1.0
964,430.0,73.0,1.0
965,613.0,228.0,1.0
966,161.0,370.0,1.0
967,88.0,124.0,1.0
968,348.0,166.0,1.0
969,84.0,359.0,1.0
970,140.0,209.0,1.0
971,78.0,322.0,1.0
972,402.0,316.0,1.0
973,579.0,322.0,1.0
974,119.0,146.0,1.0
975,525.0,405.0,1.0
976,493.0,99.0,1.0
977,72.0,309.0,1.0
978,631.0,332.0,1.0
979,397.0,188.0,1.0
980,318.0,168.0,1.0
981,240.0,124.0,1.0
982,114.0,21.0,1.0
983,422.0,18.0,1.0
984,107.0,405.0,1.0
985,461.0,127.0,1.0
986,210.0,152.0,1.0
987,447.0,83.0,1.0
988,375.0,358.0,1.0
989,88.0,334.0,1.0
990,152.0,332.0,1.0
991,186.0,73.0,1.0
992,9.0,283.0,1.0
993,571.0,239.0,1.0
994,552.0,225.0,1.0
995,608.0,73.0,1.0
996,101.0,89.0,1.0
997,489.0,252.0,1.0
998,365.0,134.0,1.0
999,552.0,398.0,1.0
1000,34.0,134.0,1.0
1001,93.0,58.0,1.0
1002,420.0,122.0,1.0
1003,248.0,7.0,1.0
1004,280.0,79.0,1.0
1005,519.0,49.0,1.0
1006,462.0,247.0,1.0
1007,449.0,168.0,1.0
1008,546.0,174.0,1.0
1009,260.0,124.0,1.0
1010,546.0,124.0,1.0
1011,5.0,376.0,1.0
1012,358.0,293.0,1.0
1013,650.0,358.0,1.0
1014,314.0,181.0,1.0
1015,138.0,134.0,1.0
1016,593.0,125.0,1.0
1017,192.0,188.0,1.0
1018,430.0,107.0,1.0
1019,570.0,163.0,1.0
1020,199.0,73.0,1.0
1021,163.0,215.0,1.0
1022,230.0,244.0,1.0
1023,191.0,16.0,1.0
1024,319.0,358.0,1.0
1025,413.0,162.0,1.0
1026,274.0,239.0,1.0
1027,205.0,309.0,1.0
1028,383.0,371.0,1.0
1029,387.0,316.0,1.0
1030,402.0,177.0,1.0
1031,429.0,128.0,1.0
1032,271.0,197.0,1.0
1033,650.0,347.0,1.0
1034,71.0,118.0,1.0
1035,241.0,277.0,1.0
1036,288.0,124.0,1.0
1037,166.0,344.0,1.0
1038,268.0,107.0,1.0
1039,244.0,280.0,1.0
1040,145.0,309.0,1.0
1041,321.0,124.0,1.0
1042,450.0,351.0,1.0
1043,591.0,156.0,1.0
1044,166.0,261.0,1.0
1045,70.0,247.0,1.0
1046,316.0,243.0,1.0
1047,455.0,354.0,1.0
1048,529.0,43.0,1.0
1049,360.0,405.0,1.0
1050,122.0,8.0,1.0
1051,72.0,37.0,1.0
1052,292.0,28.0,1.0
1053,271.0,24.0,1.0
1054,404.0,89.0,1.0
1055,314.0,4.0,1.0
1056,54.0,124.0,1.0
1057,242.0,8.0,1.0
1058,438.0,257.0,1.0
1059,339.0,328.0,1.0
1060,104.0,243.0,1.0
1061,170.0,149.0,1.0
1062,455.0,9.0,1.0
1063,241.0,20.0,1.0
1064,28.0,183.0,1.0
1065,324.0,40.0,1.0
1066,464.0,3.0,1.0
1067,640.0,21.0,1.0
1068,248.0,325.0,1.0
1069,237.0,181.0,1.0
1070,519.0,125.0,1.0
1071,587.0,38.0,1.0
1072,19.0,408.0,1.0
1073,511.0,347.0,1.0
1074,474.0,271.0,1.0
1075,19.0,214.0,1.0
1076,49.0,125.0,1.0
1077,77.0,331.0,1.0
1078,294.0,100.0,1.0
1079,194.0,7.0,1.0
1080,485.0,382.0,1.0
1081,287.0,161.0,1.0
1082,37.0,68.0,1.0
1083,400.0,124.0,1.0
1084,625.0,362.0,1.0
1085,340.0,347.0,1.0
1086,535.0,382.0,1.0
1087,295.0,117.0,1.0
1088,122.0,124.0,1.0
1089,87.0,3.0,1.0
1090,24.0,133.0,1.0
1091,581.0,219.0,1.0
1092,502.0,301.0,1.0
1093,468.0,155.0,1.0
1094,193.0,149.0,1.0
1095,185.0,108.0,1.0
1096,75.0,289.0,1.0
1097,14.0,258.0,1.0
1098,139.0,28.0,1.0
1099,576.0,325.0,1.0
1100,628.0,396.0,1.0
1101,327.0,314.0,1.0
1102,275.0,38.0,1.0
1103,188.0,302.0,1.0
1104,83.0,129.0,1.0
1105,462.0,158.0,1.0
1106,281.0,280.0,1.0
1107,96.0,280.0,1.0
1108,566.0,329.0,1.0
1109,70.0,70.0,1.0
1110,241.0,222.0,1.0
1111,468.0,265.0,1.0
1112,449.0,351.0,1.0
1113,241.0,350.0,1.0
1114,540.0,359.0,1.0
1115,467.0,322.0,1.0
1116,398.0,94.0,1.0
1117,199.0,392.0,1.0
1118,351.0,199.0,1.0
1119,183.0,119.0,1.0
1120,318.0,3.0,1.0
1121,458.0,12.0,1.0
1122,340.0,351.0,1.0
1123,109.0,55.0,1.0
1124,146.0,69.0,1.0
1125,377.0,37.0,1.0
1126,147.0,382.0,1.0
1127,567.0,146.0,1.0
1128,490.0,37.0,1.0
1129,14.0,61.0,1.0
1130,466.0,99.0,1.0
1131,24.0,378.0,1.0
1132,533.0,41.0,1.0
1133,470.0,246.0,1.0
1134,588.0,1.0,1.0
1135,40.0,99.0,1.0
1136,48.0,94.0,1.0
1137,633.0,402.0,1.0
1138,430.0,99.0,1.0
1139,307.0,405.0,1.0
1140,395.0,358.0,1.0
1141,153.0,360.0,1.0
1142,245.0,138.0,1.0
1143,284.0,257.0,1.0
1144,394.0,183.0,1.0
1145,578.0,271.0,1.0
1146,655.0,11.0,1.0
1147,81.0,28.0,1.0
1148,390.0,362.0,1.0
1149,146.0,68.0,1.0
1150,195.0,127.0,1.0
1151,110.0,40.0,1.0
1152,135.0,174.0,1.0
1153,328.0,359.0,1.0
1154,551.0,117.0,1.0
1155,502.0,268.0,1.0
1156,199.0,63.0,1.0
1157,414.0,40.0,1.0
1158,457.0,376.0,1.0
1159,515.0,80.0,1.0
1160,118.0,358.0,1.0
1161,161.0,135.0,1.0
1162,483.0,280.0,1.0
1163,198.0,3.0,1.0
1164,611.0,228.0,1.0
1165,634.0,362.0,1.0
1166,587.0,147.0,1.0
1167,491.0,235.0,1.0
1168,136.0,289.0,1.0
1169,490.0,10.0,1.0
1170,184.0,99.0,1.0
1171,590.0,149.0,1.0
1172,493.0,181.0,1.0
1173,373.0,149.0,1.0
1174,522.0,190.0,1.0
1175,99.0,199.0,1.0
1176,461.0,273.0,1.0
1177,80.0,71.0,1.0
1178,261.0,3.0,1.0
1179,651.0,362.0,1.0
1180,284.0,25.0,1.0
1181,505.0,105.0,1.0
1182,99.0,149.0,1.0
1183,140.0,195.0,1.0
1184,393.0,69.0,1.0
1185,514.0,88.0,1.0
1186,599.0,294.0,1.0
1187,567.0,316.0,1.0
1188,436.0,99.0,1.0
1189,336.0,228.0,1.0
1190,76.0,124.0,1.0
1191,581.0,112.0,1.0
1192,486.0,391.0,1.0
1193,154.0,341.0,1.0
1194,166.0,259.0,1.0
1195,9.0,94.0,1.0
1196,493.0,350.0,1.0
1197,142.0,408.0,1.0
1198,519.0,243.0,1.0
1199,110.0,153.0,1.0
1200,413.0,273.0,1.0
1201,107.0,124.0,1.0
1202,214.0,221.0,1.0
1203,142.0,357.0,1.0
1204,166.0,364.0,1.0
1205,209.0,267.0,1.0
1206,560.0,27.0,1.0
1207,34.0,135.0,1.0
1208,116.0,163.0,1.0
1209,49.0,133.0,1.0
1210,72.0,134.0,1.0
1211,587.0,316.0,1.0
1212,63.0,135.0,1.0
1213,353.0,3.0,1.0
1214,543.0,267.0,1.0
1215,455.0,344.0,1.0
1216,630.0,332.0,1.0
1217,387.0,5.0,1.0
1218,648.0,11.0,1.0
1219,471.0,128.0,1.0
1220,652.0,347.0,1.0
1221,146.0,396.0,1.0
1222,263.0,73.0,1.0
1223,546.0,311.0,1.0
1224,168.0,224.0,1.0
1225,468.0,113.0,1.0
1226,275.0,44.0,1.0
1227,358.0,387.0,1.0
1228,19.0,354.0,1.0
1229,499.0,318.0,1.0
1230,415.0,134.0,1.0
1231,43.0,124.0,1.0
1232,444.0,124.0,1.0
1233,160.0,41.0,1.0
1234,212.0,89.0,1.0
1235,535.0,405.0,1.0
1236,258.0,124.0,1.0
1237,70.0,280.0,1.0
1238,377.0,357.0,1.0
1239,247.0,181.0,1.0
1240,324.0,43.0,1.0
1241,552.0,212.0,1.0
1242,394.0,322.0,1.0
1243,111.0,183.0,1.0
1244,47.0,18.0,1.0
1245,267.0,280.0,1.0
1246,662.0,326.0,1.0
1247,260.0,138.0,1.0
1248,356.0,103.0,1.0
1249,93.0,57.0,1.0
1250,310.0,108.0,1.0
1251,238.0,0.0,1.0
1252,273.0,130.0,1.0
1253,551.0,309.0,1.0
1254,105.0,136.0,1.0
1255,356.0,128.0,1.0
1256,581.0,157.0,1.0
1257,111.0,188.0,1.0
1258,14.0,310.0,1.0
1259,234.0,279.0,1.0
1260,455.0,136.0,1.0
1261,248.0,138.0,1.0
1262,275.0,117.0,1.0
1263,493.0,376.0,1.0
1264,254.0,344.0,1.0
1265,268.0,362.0,1.0
1266,156.0,243.0,1.0
1267,199.0,128.0,1.0
1268,187.0,169.0,1.0
1269,429.0,73.0,1.0
1270,632.0,85.0,1.0
1271,308.0,117.0,1.0
1272,111.0,322.0,1.0
1273,333.0,73.0,1.0
1274,427.0,332.0,1.0
1275,459.0,271.0,1.0
1276,199.0,376.0,1.0
1277,337.0,106.0,1.0
1278,215.0,68.0,1.0
1279,384.0,114.0,1.0
1280,52.0,188.0,1.0
1281,118.0,362.0,1.0
1282,337.0,351.0,1.0
1283,143.0,177.0,1.0
1284,30.0,76.0,1.0
1285,653.0,359.0,1.0
1286,62.0,271.0,1.0
1287,275.0,186.0,1.0
1288,241.0,272.0,1.0
1289,173.0,351.0,1.0
1290,629.0,64.0,1.0
1291,25.0,124.0,1.0
1292,630.0,76.0,1.0
1293,340.0,359.0,1.0
1294,292.0,174.0,1.0
1295,570.0,118.0,1.0
1296,153.0,85.0,1.0
1297,151.0,199.0,1.0
1298,307.0,78.0,1.0
1299,387.0,178.0,1.0
1300,640.0,405.0,1.0
1301,418.0,347.0,1.0
1302,356.0,56.0,1.0
1303,611.0,199.0,1.0
1304,506.0,396.0,1.0
1305,569.0,199.0,1.0
1306,370.0,145.0,1.0
1307,506.0,120.0,1.0
1308,382.0,280.0,1.0
1309,175.0,38.0,1.0
1310,248.0,405.0,1.0
1311,378.0,99.0,1.0
1312,498.0,406.0,1.0
1313,463.0,117.0,1.0
1314,551.0,259.0,1.0
1315,70.0,224.0,1.0
1316,256.0,347.0,1.0
1317,161.0,312.0,1.0
1318,295.0,379.0,1.0
1319,175.0,359.0,1.0
1320,453.0,237.0,1.0
1321,536.0,131.0,1.0
1322,389.0,163.0,1.0
1323,501.0,120.0,1.0
1324,626.0,191.0,1.0
1325,338.0,89.0,1.0
1326,453.0,331.0,1.0
1327,241.0,274.0,1.0
1328,134.0,95.0,1.0
1329,241.0,257.0,1.0
1330,226.0,76.0,1.0
1331,282.0,92.0,1.0
1332,227.0,331.0,1.0
1333,437.0,48.0,1.0
1334,388.0,392.0,1.0
1335,453.0,208.0,1.0
1336,306.0,280.0,1.0
1337,176.0,208.0,1.0
1338,115.0,347.0,1.0
1339,214.0,124.0,1.0
1340,332.0,371.0,1.0
1341,489.0,247.0,1.0
1342,115.0,362.0,1.0
1343,435.0,117.0,1.0
1344,244.0,224.0,1.0
1345,71.0,405.0,1.0
1346,653.0,362.0,1.0
1347,640.0,118.0,1.0
1348,643.0,370.0,1.0
1349,63.0,37.0,1.0
1350,587.0,330.0,1.0
1351,58.0,399.0,1.0
1352,423.0,324.0,1.0
1353,361.0,124.0,1.0
1354,109.0,128.0,1.0
1355,14.0,282.0,1.0
1356,285.0,188.0,1.0
1357,208.0,128.0,1.0
1358,215.0,405.0,1.0
1359,469.0,24.0,1.0
1360,330.0,44.0,1.0
1361,119.0,124.0,1.0
1362,588.0,135.0,1.0
1363,148.0,344.0,1.0
1364,622.0,119.0,1.0
1365,326.0,209.0,1.0
1366,136.0,69.0,1.0
1367,651.0,358.0,1.0
1368,304.0,94.0,1.0
1369,138.0,370.0,1.0
1370,242.0,1.0,1.0
1371,576.0,373.0,1.0
1372,420.0,117.0,1.0
1373,627.0,361.0,1.0
1374,225.0,131.0,1.0
1375,523.0,28.0,1.0
1376,309.0,164.0,1.0
1377,643.0,312.0,1.0
1378,305.0,278.0,1.0
1379,662.0,338.0,1.0
1380,239.0,359.0,1.0
1381,412.0,382.0,1.0
1382,4.0,137.0,1.0
1383,559.0,312.0,1.0
1384,483.0,151.0,1.0
1385,331.0,134.0,1.0
1386,275.0,183.0,1.0
1387,576.0,227.0,1.0
1388,337.0,96.0,1.0
1389,7.0,242.0,1.0
1390,409.0,124.0,1.0
1391,115.0,222.0,1.0
1392,118.0,359.0,1.0
1393,388.0,99.0,1.0
1394,175.0,106.0,1.0
1395,276.0,84.0,1.0
1396,227.0,274.0,1.0
1397,245.0,124.0,1.0
1398,595.0,362.0,1.0
1399,330.0,123.0,1.0
1400,252.0,302.0,1.0
1401,232.0,351.0,1.0
1402,603.0,41.0,1.0
1403,346.0,362.0,1.0
1404,540.0,347.0,1.0
1405,625.0,347.0,1.0
1406,316.0,133.0,1.0
1407,46.0,95.0,1.0
1408,500.0,0.0,1.0
1409,329.0,322.0,1.0
1410,340.0,314.0,1.0
1411,165.0,76.0,1.0
1412,145.0,390.0,1.0
1413,138.0,136.0,1.0
1414,359.0,271.0,1.0
1415,268.0,8.0,1.0
1416,155.0,405.0,1.0
1417,208.0,350.0,1.0
1418,72.0,312.0,1.0
1419,307.0,94.0,1.0
1420,130.0,149.0,1.0
1421,576.0,308.0,1.0
1422,275.0,347.0,1.0
1423,321.0,36.0,1.0
1424,12.0,93.0,1.0
1425,634.0,359.0,1.0
1426,0.0,24.0,1.0
1427,486.0,9.0,1.0
1428,335.0,358.0,1.0
1429,22.0,93.0,1.0
1430,258.0,196.0,1.0
1431,199.0,141.0,1.0
1432,202.0,133.0,1.0
1433,576.0,317.0,1.0
1434,661.0,347.0,1.0
1435,499.0,43.0,1.0
1436,377.0,10.0,1.0
1437,397.0,124.0,1.0
1438,294.0,322.0,1.0
1439,275.0,175.0,1.0
1440,441.0,195.0,1.0
1441,643.0,309.0,1.0
1442,643.0,259.0,1.0
1443,576.0,328.0,1.0
1444,15.0,263.0,1.0
1445,610.0,128.0,1.0
1446,555.0,331.0,1.0
1447,549.0,280.0,1.0
1448,22.0,282.0,1.0
1449,482.0,94.0,1.0
1450,486.0,312.0,1.0
1451,213.0,151.0,1.0
1452,572.0,278.0,1.0
1453,174.0,85.0,1.0
1454,66.0,127.0,1.0
1455,532.0,18.0,1.0
1456,476.0,351.0,1.0
1457,328.0,362.0,1.0
1458,561.0,99.0,1.0
1459,586.0,117.0,1.0
1460,48.0,316.0,1.0
1461,558.0,197.0,1.0
1462,73.0,124.0,1.0
1463,245.0,74.0,1.0
1464,518.0,144.0,1.0
1465,446.0,371.0,1.0
1466,572.0,68.0,1.0
1467,534.0,341.0,1.0
1468,183.0,405.0,1.0
1469,21.0,262.0,1.0
1470,12.0,282.0,1.0
1471,315.0,344.0,1.0
1472,170.0,368.0,1.0
1473,470.0,345.0,1.0
1474,98.0,124.0,1.0
1475,354.0,392.0,1.0
1476,380.0,203.0,1.0
1477,166.0,390.0,1.0
1478,433.0,359.0,1.0
1479,275.0,100.0,1.0
1480,343.0,183.0,1.0
1481,203.0,43.0,1.0
1482,275.0,156.0,1.0
1483,217.0,405.0,1.0
1484,327.0,163.0,1.0
1485,166.0,174.0,1.0
1486,358.0,51.0,1.0
1487,117.0,358.0,1.0
1488,26.0,124.0,1.0
1489,381.0,280.0,1.0
1490,457.0,392.0,1.0
1491,511.0,359.0,1.0
1492,242.0,149.0,1.0
1493,196.0,149.0,1.0
1494,620.0,351.0,1.0
1495,547.0,131.0,1.0
1496,356.0,55.0,1.0
1497,430.0,89.0,1.0
1498,377.0,354.0,1.0
1499,317.0,322.0,1.0
1500,146.0,89.0,1.0
1501,205.0,136.0,1.0
1502,396.0,124.0,1.0
1503,80.0,250.0,1.0
1504,117.0,362.0,1.0
1505,48.0,405.0,1.0
1506,12.0,301.0,1.0
1507,294.0,68.0,1.0
1508,592.0,80.0,1.0
1509,201.0,404.0,1.0
1510,251.0,163.0,1.0
1511,74.0,347.0,1.0
1512,75.0,378.0,1.0
1513,588.0,370.0,1.0
1514,59.0,222.0,1.0
1515,71.0,162.0,1.0
1516,587.0,183.0,1.0
1517,402.0,182.0,1.0
1518,92.0,99.0,1.0
1519,606.0,85.0,1.0
1520,443.0,359.0,1.0
1521,253.0,322.0,1.0
1522,301.0,404.0,1.0
1523,426.0,99.0,1.0
1524,141.0,401.0,1.0
1525,29.0,99.0,1.0
1526,250.0,94.0,1.0
1527,241.0,19.0,1.0
1528,625.0,183.0,1.0
1529,430.0,402.0,1.0
1530,105.0,309.0,1.0
1531,653.0,358.0,1.0
1532,202.0,256.0,1.0
1533,654.0,347.0,1.0
1534,646.0,269.0,1.0
1535,109.0,181.0,1.0
1536,558.0,231.0,1.0
1537,454.0,305.0,1.0
1538,567.0,405.0,1.0
1539,484.0,19.0,1.0
1540,398.0,405.0,1.0
1541,596.0,24.0,1.0
1542,119.0,405.0,1.0
1543,387.0,356.0,1.0
1544,166.0,212.0,1.0
1545,331.0,14.0,1.0
1546,32.0,124.0,1.0
1547,26.0,94.0,1.0
1548,356.0,392.0,1.0
1549,343.0,222.0,1.0
1550,578.0,371.0,1.0
1551,443.0,358.0,1.0
1552,576.0,110.0,1.0
1553,96.0,245.0,1.0
1554,53.0,40.0,1.0
1555,632.0,360.0,1.0
1556,154.0,360.0,1.0
1557,521.0,347.0,1.0
1558,148.0,136.0,1.0
1559,242.0,164.0,1.0
1560,223.0,131.0,1.0
1561,103.0,289.0,1.0
1562,145.0,134.0,1.0
1563,433.0,371.0,1.0
1564,372.0,115.0,1.0
1565,430.0,128.0,1.0
1566,552.0,77.0,1.0
1567,430.0,36.0,1.0
1568,73.0,405.0,1.0
1569,453.0,239.0,1.0
1570,170.0,289.0,1.0
1571,462.0,252.0,1.0
1572,462.0,172.0,1.0
1573,175.0,358.0,1.0
1574,133.0,153.0,1.0
1575,551.0,390.0,1.0
1576,598.0,239.0,1.0
1577,226.0,243.0,1.0
1578,202.0,126.0,1.0
1579,166.0,370.0,1.0
1580,204.0,94.0,1.0
1581,140.0,192.0,1.0
1582,618.0,221.0,1.0
1583,422.0,163.0,1.0
1584,556.0,277.0,1.0
1585,402.0,129.0,1.0
1586,402.0,124.0,1.0
1587,204.0,405.0,1.0
1588,35.0,332.0,1.0
1589,462.0,239.0,1.0
1590,356.0,99.0,1.0
1591,486.0,10.0,1.0
1592,505.0,239.0,1.0
1593,196.0,89.0,1.0
1594,296.0,318.0,1.0
1595,245.0,28.0,1.0
1596,580.0,125.0,1.0
1597,315.0,309.0,1.0
1598,567.0,94.0,1.0
1599,552.0,33.0,1.0
1600,160.0,43.0,1.0
1601,486.0,309.0,1.0
1602,462.0,257.0,1.0
1603,585.0,16.0,1.0
1604,601.0,24.0,1.0
1605,237.0,128.0,1.0
1606,199.0,142.0,1.0
1607,199.0,181.0,1.0
1608,636.0,392.0,1.0
1609,220.0,85.0,1.0
1610,518.0,280.0,1.0
1611,584.0,115.0,1.0
1612,110.0,318.0,1.0
1613,146.0,95.0,1.0
1614,441.0,31.0,1.0
1615,421.0,138.0,1.0
1616,328.0,38.0,1.0
1617,662.0,327.0,1.0
1618,587.0,222.0,1.0
1619,524.0,371.0,1.0
1620,335.0,359.0,1.0
1621,478.0,119.0,1.0
1622,153.0,158.0,1.0
1623,227.0,252.0,1.0
1624,208.0,181.0,1.0
1625,507.0,79.0,1.0
1626,543.0,76.0,1.0
1627,643.0,135.0,1.0
1628,351.0,386.0,1.0
1629,351.0,273.0,1.0
1630,337.0,35.0,1.0
1631,209.0,298.0,1.0
1632,351.0,352.0,1.0
1633,427.0,267.0,1.0
1634,109.0,236.0,1.0
1635,167.0,359.0,1.0
1636,459.0,222.0,1.0
1637,113.0,125.0,1.0
1638,20.0,199.0,1.0
1639,268.0,55.0,1.0
1640,5.0,99.0,1.0
1641,407.0,188.0,1.0
1642,361.0,405.0,1.0
1643,457.0,128.0,1.0
1644,407.0,196.0,1.0
1645,553.0,125.0,1.0
1646,565.0,382.0,1.0
1647,27.0,12.0,1.0
1648,200.0,124.0,1.0
1649,228.0,405.0,1.0
1650,148.0,309.0,1.0
1651,32.0,405.0,1.0
1652,245.0,117.0,1.0
1653,383.0,362.0,1.0
1654,303.0,229.0,1.0
1655,328.0,222.0,1.0
1656,314.0,109.0,1.0
1657,90.0,19.0,1.0
1658,513.0,131.0,1.0
1659,164.0,124.0,1.0
1660,143.0,196.0,1.0
1661,170.0,22.0,1.0
1662,319.0,347.0,1.0
1663,148.0,259.0,1.0
1664,418.0,362.0,1.0
1665,587.0,107.0,1.0
1666,439.0,183.0,1.0
1667,77.0,345.0,1.0
1668,194.0,212.0,1.0
1669,84.0,362.0,1.0
1670,147.0,404.0,1.0
1671,155.0,124.0,1.0
1672,464.0,124.0,1.0
1673,497.0,183.0,1.0
1674,208.0,376.0,1.0
1675,480.0,146.0,1.0
1676,369.0,196.0,1.0
1677,252.0,376.0,1.0
1678,343.0,347.0,1.0
1679,264.0,147.0,1.0
1680,205.0,259.0,1.0
1681,83.0,132.0,1.0
1682,337.0,233.0,1.0
1683,468.0,360.0,1.0
1684,455.0,342.0,1.0
1685,239.0,347.0,1.0
1686,324.0,318.0,1.0
1687,100.0,117.0,1.0
1688,231.0,222.0,1.0
1689,364.0,316.0,1.0
1690,136.0,405.0,1.0
1691,299.0,94.0,1.0
1692,324.0,41.0,1.0
1693,575.0,24.0,1.0
1694,279.0,173.0,1.0
1695,110.0,6.0,1.0
1696,170.0,347.0,1.0
1697,229.0,24.0,1.0
1698,443.0,362.0,1.0
1699,197.0,247.0,1.0
1700,349.0,277.0,1.0
1701,240.0,269.0,1.0
1702,518.0,25.0,1.0
1703,610.0,392.0,1.0
1704,267.0,239.0,1.0
1705,636.0,128.0,1.0
1706,310.0,407.0,1.0
1707,261.0,48.0,1.0
1708,459.0,186.0,1.0
1709,505.0,224.0,1.0
1710,182.0,371.0,1.0
1711,319.0,371.0,1.0
1712,661.0,359.0,1.0
1713,91.0,99.0,1.0
1714,297.0,9.0,1.0
1715,150.0,347.0,1.0
1716,480.0,124.0,1.0
1717,57.0,196.0,1.0
1718,74.0,362.0,1.0
1719,387.0,44.0,1.0
1720,363.0,36.0,1.0
1721,195.0,99.0,1.0
1722,244.0,101.0,1.0
1723,79.0,157.0,1.0
1724,657.0,162.0,1.0
1725,19.0,37.0,1.0
1726,56.0,1.0,1.0
1727,461.0,184.0,1.0
1728,193.0,133.0,1.0
1729,535.0,124.0,1.0
1730,507.0,80.0,1.0
1731,179.0,334.0,1.0
1732,333.0,392.0,1.0
1733,552.0,304.0,1.0
1734,48.0,124.0,1.0
1735,531.0,144.0,1.0
1736,451.0,188.0,1.0
1737,569.0,388.0,1.0
1738,211.0,99.0,1.0
1739,473.0,38.0,1.0
1740,400.0,18.0,1.0
1741,587.0,245.0,1.0
1742,490.0,391.0,1.0
1743,604.0,238.0,1.0
1744,530.0,382.0,1.0
1745,567.0,346.0,1.0
1746,320.0,99.0,1.0
1747,546.0,99.0,1.0
1748,457.0,73.0,1.0
1749,292.0,117.0,1.0
1750,164.0,405.0,1.0
1751,634.0,358.0,1.0
1752,16.0,202.0,1.0
1753,49.0,209.0,1.0
1754,40.0,64.0,1.0
1755,552.0,199.0,1.0
1756,166.0,136.0,1.0
1757,401.0,3.0,1.0
1758,60.0,117.0,1.0
1759,142.0,37.0,1.0
1760,397.0,405.0,1.0
1761,273.0,3.0,1.0
1762,50.0,379.0,1.0
1763,120.0,174.0,1.0
1764,596.0,144.0,1.0
1765,503.0,371.0,1.0
1766,280.0,80.0,1.0
1767,182.0,347.0,1.0
1768,475.0,318.0,1.0
1769,298.0,24.0,1.0
1770,574.0,174.0,1.0
1771,470.0,280.0,1.0
1772,321.0,221.0,1.0
1773,537.0,99.0,1.0
1774,169.0,262.0,1.0
1775,651.0,371.0,1.0
1776,428.0,183.0,1.0
1777,587.0,55.0,1.0
1778,655.0,176.0,1.0
1779,349.0,224.0,1.0
1780,430.0,392.0,1.0
1781,266.0,118.0,1.0
1782,510.0,267.0,1.0
1783,22.0,130.0,1.0
1784,298.0,140.0,1.0
1785,105.0,134.0,1.0
1786,288.0,69.0,1.0
1787,358.0,397.0,1.0
1788,241.0,331.0,1.0
1789,342.0,349.0,1.0
1790,416.0,218.0,1.0
1791,647.0,85.0,1.0
1792,123.0,24.0,1.0
1793,576.0,111.0,1.0
1794,307.0,196.0,1.0
1795,574.0,311.0,1.0
1796,556.0,105.0,1.0
1797,5.0,392.0,1.0
1798,620.0,153.0,1.0
1799,498.0,295.0,1.0
1800,244.0,24.0,1.0
1801,516.0,91.0,1.0
1802,36.0,99.0,1.0
1803,46.0,243.0,1.0
1804,397.0,316.0,1.0
1805,532.0,314.0,1.0
1806,541.0,112.0,1.0
1807,606.0,360.0,1.0
1808,254.0,309.0,1.0
1809,318.0,48.0,1.0
1810,471.0,392.0,1.0
1811,376.0,43.0,1.0
1812,605.0,149.0,1.0
1813,556.0,280.0,1.0
1814,502.0,93.0,1.0
1815,489.0,274.0,1.0
1816,449.0,3.0,1.0
1817,330.0,64.0,1.0
1818,74.0,359.0,1.0
1819,268.0,358.0,1.0
1820,576.0,36.0,1.0
1821,171.0,124.0,1.0
1822,52.0,183.0,1.0
1823,569.0,387.0,1.0
1824,61.0,255.0,1.0
1825,636.0,73.0,1.0
1826,337.0,280.0,1.0
1827,109.0,266.0,1.0
1828,275.0,335.0,1.0
1829,499.0,41.0,1.0
1830,586.0,18.0,1.0
1831,337.0,23.0,1.0
1832,177.0,280.0,1.0
1833,271.0,231.0,1.0
1834,290.0,405.0,1.0
1835,67.0,347.0,1.0
1836,224.0,200.0,1.0
1837,105.0,370.0,1.0
1838,275.0,55.0,1.0
1839,511.0,358.0,1.0
1840,225.0,255.0,1.0
1841,413.0,388.0,1.0
1842,340.0,66.0,1.0
1843,20.0,228.0,1.0
1844,313.0,130.0,1.0
1845,364.0,251.0,1.0
1846,275.0,147.0,1.0
1847,180.0,71.0,1.0
1848,462.0,224.0,1.0
1849,297.0,342.0,1.0
1850,492.0,6.0,1.0
1851,382.0,113.0,1.0
1852,559.0,390.0,1.0
1853,433.0,358.0,1.0
1854,600.0,124.0,1.0
1855,523.0,261.0,1.0
1856,55.0,80.0,1.0
1857,455.0,37.0,1.0
1858,161.0,344.0,1.0
1859,321.0,94.0,1.0
1860,182.0,362.0,1.0
1861,333.0,181.0,1.0
1862,240.0,145.0,1.0
1863,94.0,153.0,1.0
1864,564.0,69.0,1.0
1865,484.0,239.0,1.0
1866,657.0,343.0,1.0
1867,315.0,135.0,1.0
1868,383.0,347.0,1.0
1869,326.0,294.0,1.0
1870,167.0,371.0,1.0
1871,337.0,86.0,1.0
1872,19.0,220.0,1.0
1873,358.0,388.0,1.0
1874,108.0,99.0,1.0
1875,470.0,237.0,1.0
1876,552.0,34.0,1.0
1877,592.0,260.0,1.0
1878,326.0,262.0,1.0
1879,175.0,347.0,1.0
1880,520.0,267.0,1.0
1881,433.0,362.0,1.0
1882,588.0,259.0,1.0
1883,468.0,280.0,1.0
1884,5.0,181.0,1.0
1885,462.0,20.0,1.0
1886,569.0,313.0,1.0
1887,170.0,100.0,1.0
1888,384.0,113.0,1.0
1889,332.0,359.0,1.0
1890,576.0,337.0,1.0
1891,93.0,213.0,1.0
1892,148.0,370.0,1.0
1893,601.0,280.0,1.0
1894,246.0,163.0,1.0
1895,241.0,280.0,1.0
1896,142.0,10.0,1.0
1897,164.0,8.0,1.0
1898,571.0,44.0,1.0
1899,661.0,362.0,1.0
1900,300.0,149.0,1.0
1901,258.0,405.0,1.0
1902,323.0,146.0,1.0
1903,446.0,358.0,1.0
1904,137.0,269.0,1.0
1905,660.0,331.0,1.0
1906,548.0,27.0,1.0
1907,643.0,344.0,1.0
1908,510.0,332.0,1.0
1909,364.0,124.0,1.0
1910,19.0,10.0,1.0
1911,254.0,259.0,1.0
1912,226.0,319.0,1.0
1913,24.0,125.0,1.0
1914,556.0,19.0,1.0
1915,501.0,358.0,1.0
1916,272.0,80.0,1.0
1917,377.0,369.0,1.0
1918,154.0,132.0,1.0
1919,413.0,386.0,1.0
1920,567.0,124.0,1.0
1921,268.0,106.0,1.0
1922,184.0,319.0,1.0
1923,17.0,264.0,1.0
1924,266.0,21.0,1.0
1925,350.0,401.0,1.0
1926,150.0,371.0,1.0
1927,75.0,267.0,1.0
1928,19.0,270.0,1.0
1929,205.0,312.0,1.0
1930,268.0,347.0,1.0
1931,36.0,73.0,1.0
1932,414.0,43.0,1.0
1933,137.0,124.0,1.0
1934,390.0,359.0,1.0
1935,387.0,229.0,1.0
1936,99.0,365.0,1.0
1937,407.0,182.0,1.0
1938,200.0,69.0,1.0
1939,372.0,199.0,1.0
1940,407.0,124.0,1.0
1941,470.0,208.0,1.0
1942,42.0,382.0,1.0
1943,315.0,370.0,1.0
1944,102.0,73.0,1.0
1945,518.0,24.0,1.0
1946,654.0,359.0,1.0
1947,227.0,172.0,1.0
1948,541.0,278.0,1.0
1949,212.0,396.0,1.0
1950,239.0,89.0,1.0
1951,22.0,271.0,1.0
1952,118.0,371.0,1.0
1953,228.0,124.0,1.0
1954,213.0,257.0,1.0
1955,142.0,354.0,1.0
1956,391.0,267.0,1.0
1957,449.0,48.0,1.0
1958,297.0,391.0,1.0
1959,244.0,245.0,1.0
1960,477.0,76.0,1.0
1961,73.0,146.0,1.0
1962,296.0,40.0,1.0
1963,587.0,89.0,1.0
1964,163.0,253.0,1.0
1965,12.0,268.0,1.0
1966,9.0,310.0,1.0
1967,307.0,129.0,1.0
1968,249.0,363.0,1.0
1969,167.0,347.0,1.0
1970,255.0,99.0,1.0
1971,294.0,183.0,1.0
1972,371.0,7.0,1.0
1973,402.0,188.0,1.0
1974,301.0,13.0,1.0
1975,398.0,124.0,1.0
1976,306.0,104.0,1.0
1977,390.0,347.0,1.0
1978,143.0,316.0,1.0
1979,502.0,282.0,1.0
1980,304.0,405.0,1.0
1981,599.0,76.0,1.0
1982,587.0,280.0,1.0
1983,486.0,369.0,1.0
1984,178.0,18.0,1.0
1985,229.0,65.0,1.0
1986,263.0,56.0,1.0
1987,229.0,280.0,1.0
1988,598.0,399.0,1.0
1989,6.0,206.0,1.0
1990,394.0,188.0,1.0
1991,353.0,144.0,1.0
1992,140.0,185.0,1.0
1993,241.0,208.0,1.0
1994,570.0,124.0,1.0
1995,199.0,99.0,1.0
1996,455.0,408.0,1.0
1997,537.0,347.0,1.0
1998,9.0,301.0,1.0
1999,595.0,358.0,1.0
2000,439.0,100.0,1.0
2001,133.0,168.0,1.0
2002,331.0,135.0,1.0
2003,109.0,376.0,1.0
2004,459.0,121.0,1.0
2005,185.0,407.0,1.0
2006,493.0,73.0,1.0
2007,272.0,84.0,1.0
2008,0.0,329.0,1.0
2009,582.0,28.0,1.0
2010,227.0,208.0,1.0
2011,319.0,362.0,1.0
2012,351.0,385.0,1.0
2013,375.0,362.0,1.0
2014,183.0,311.0,1.0
2015,551.0,370.0,1.0
2016,475.0,40.0,1.0
2017,616.0,322.0,1.0
2018,275.0,6.0,1.0
2019,598.0,331.0,1.0
2020,115.0,358.0,1.0
2021,126.0,89.0,1.0
2022,503.0,359.0,1.0
2023,213.0,247.0,1.0
2024,502.0,232.0,1.0
2025,583.0,172.0,1.0
2026,578.0,188.0,1.0
2027,293.0,359.0,1.0
2028,501.0,347.0,1.0
2029,430.0,376.0,1.0
2030,326.0,394.0,1.0
2031,424.0,73.0,1.0
2032,90.0,114.0,1.0
2033,430.0,103.0,1.0
2034,150.0,358.0,1.0
2035,38.0,351.0,1.0
2036,388.0,181.0,1.0
2037,144.0,20.0,1.0
2038,241.0,237.0,1.0
2039,137.0,145.0,1.0
2040,576.0,44.0,1.0
2041,409.0,69.0,1.0
2042,37.0,405.0,1.0
2043,662.0,315.0,1.0
2044,529.0,41.0,1.0
2045,455.0,309.0,1.0
2046,156.0,133.0,1.0
2047,486.0,390.0,1.0
2048,452.0,176.0,1.0
2049,275.0,280.0,1.0
2050,150.0,359.0,1.0
2051,546.0,119.0,1.0
2052,501.0,396.0,1.0
2053,109.0,99.0,1.0
2054,314.0,73.0,1.0
2055,154.0,3.0,1.0
2056,193.0,49.0,1.0
2057,449.0,153.0,1.0
2058,594.0,124.0,1.0
2059,163.0,384.0,1.0
2060,161.0,259.0,1.0
2061,198.0,24.0,1.0
2062,516.0,82.0,1.0
2063,29.0,75.0,1.0
2064,315.0,134.0,1.0
2065,75.0,353.0,1.0
2066,464.0,196.0,1.0
2067,337.0,150.0,1.0
2068,314.0,392.0,1.0
2069,252.0,181.0,1.0
2070,569.0,352.0,1.0
2071,576.0,90.0,1.0
2072,598.0,345.0,1.0
2073,258.0,182.0,1.0
2074,551.0,136.0,1.0
2075,653.0,347.0,1.0
2076,83.0,78.0,1.0
2077,419.0,99.0,1.0
2078,26.0,221.0,1.0
2079,461.0,162.0,1.0
2080,451.0,183.0,1.0
2081,587.0,347.0,1.0
2082,552.0,226.0,1.0
2083,591.0,145.0,1.0
2084,40.0,89.0,1.0
2085,170.0,358.0,1.0
2086,429.0,99.0,1.0
2087,644.0,11.0,1.0
2088,170.0,359.0,1.0
2089,621.0,392.0,1.0
2090,261.0,360.0,1.0
2091,327.0,18.0,1.0
2092,505.0,272.0,1.0
2093,273.0,103.0,1.0
2094,403.0,265.0,1.0
2095,455.0,135.0,1.0
2096,275.0,356.0,1.0
2097,348.0,212.0,1.0
2098,563.0,124.0,1.0
2099,434.0,117.0,1.0
2100,461.0,293.0,1.0
2101,465.0,322.0,1.0
2102,210.0,46.0,1.0
2103,170.0,117.0,1.0
2104,263.0,99.0,1.0
2105,328.0,271.0,1.0
2106,296.0,43.0,1.0
2107,301.0,382.0,1.0
2108,11.0,73.0,1.0
2109,578.0,166.0,1.0
2110,387.0,372.0,1.0
2111,178.0,314.0,1.0
2112,454.0,129.0,1.0
2113,589.0,371.0,1.0
2114,351.0,388.0,1.0
2115,333.0,128.0,1.0
2116,443.0,347.0,1.0
2117,596.0,113.0,1.0
2118,70.0,239.0,1.0
2119,633.0,356.0,1.0
2120,114.0,118.0,1.0
2121,328.0,131.0,1.0
2122,170.0,362.0,1.0
2123,33.0,247.0,1.0
2124,275.0,165.0,1.0
2125,215.0,124.0,1.0
2126,639.0,75.0,1.0
2127,389.0,18.0,1.0
2128,184.0,323.0,1.0
2129,347.0,375.0,1.0
2130,190.0,392.0,1.0
2131,213.0,252.0,1.0
2132,87.0,329.0,1.0
2133,101.0,73.0,1.0
2134,479.0,18.0,1.0
2135,123.0,16.0,1.0
2136,459.0,156.0,1.0
2137,330.0,361.0,1.0
2138,482.0,124.0,1.0
2139,487.0,84.0,1.0
2140,204.0,221.0,1.0
2141,420.0,174.0,1.0
2142,365.0,37.0,1.0
2143,548.0,255.0,1.0
2144,306.0,208.0,1.0
2145,405.0,99.0,1.0
2146,346.0,359.0,1.0
2147,570.0,21.0,1.0
2148,253.0,347.0,1.0
2149,268.0,208.0,1.0
2150,148.0,390.0,1.0
2151,110.0,43.0,1.0
2152,501.0,362.0,1.0
2153,486.0,135.0,1.0
2154,120.0,99.0,1.0
2155,145.0,364.0,1.0
2156,414.0,41.0,1.0
2157,117.0,359.0,1.0
2158,387.0,100.0,1.0
2159,461.0,313.0,1.0
2160,536.0,183.0,1.0
2161,588.0,364.0,1.0
2162,652.0,362.0,1.0
2163,567.0,196.0,1.0
2164,426.0,351.0,1.0
2165,364.0,196.0,1.0
2166,186.0,392.0,1.0
2167,285.0,183.0,1.0
2168,461.0,117.0,1.0
2169,208.0,73.0,1.0
2170,253.0,358.0,1.0
2171,426.0,12.0,1.0
2172,2.0,244.0,1.0
2173,182.0,359.0,1.0
2174,470.0,265.0,1.0
2175,192.0,183.0,1.0
2176,284.0,143.0,1.0
2177,376.0,41.0,1.0
2178,305.0,405.0,1.0
2179,332.0,362.0,1.0
2180,200.0,68.0,1.0
2181,595.0,359.0,1.0
2182,241.0,25.0,1.0
2183,41.0,145.0,1.0
2184,141.0,124.0,1.0
2185,275.0,222.0,1.0
2186,325.0,244.0,1.0
2187,10.0,89.0,1.0
2188,297.0,354.0,1.0
2189,249.0,194.0,1.0
2190,382.0,252.0,1.0
2191,424.0,163.0,1.0
2192,615.0,124.0,1.0
2193,301.0,36.0,1.0
2194,570.0,405.0,1.0
2195,375.0,347.0,1.0
2196,634.0,347.0,1.0
2197,61.0,19.0,1.0
2198,268.0,127.0,1.0
2199,149.0,328.0,1.0
2200,517.0,27.0,1.0
2201,161.0,1.0,1.0
2202,213.0,54.0,1.0
2203,233.0,183.0,1.0
2204,19.0,366.0,1.0
2205,87.0,24.0,1.0
2206,186.0,128.0,1.0
2207,430.0,356.0,1.0
2208,385.0,164.0,1.0
2209,367.0,376.0,1.0
2210,569.0,228.0,1.0
2211,254.0,390.0,1.0
2212,500.0,365.0,1.0
2213,164.0,182.0,1.0
2214,351.0,397.0,1.0
2215,616.0,183.0,1.0
2216,306.0,101.0,1.0
2217,93.0,59.0,1.0
2218,462.0,189.0,1.0
2219,34.0,37.0,1.0
2220,66.0,8.0,1.0
2221,505.0,208.0,1.0
2222,391.0,297.0,1.0
2223,547.0,314.0,1.0
2224,661.0,358.0,1.0
2225,213.0,280.0,1.0
2226,245.0,118.0,1.0
2227,326.0,210.0,1.0
2228,84.0,358.0,1.0
2229,51.0,183.0,1.0
2230,425.0,149.0,1.0
2231,383.0,322.0,1.0
2232,83.0,3.0,1.0
2233,386.0,205.0,1.0
2234,49.0,7.0,1.0
2235,461.0,388.0,1.0
2236,559.0,364.0,1.0
2237,146.0,334.0,1.0
2238,337.0,87.0,1.0
2239,407.0,177.0,1.0
2240,520.0,297.0,1.0
2241,521.0,371.0,1.0
2242,176.0,151.0,1.0
2243,255.0,311.0,1.0
2244,556.0,224.0,1.0
2245,163.0,216.0,1.0
2246,82.0,99.0,1.0
2247,557.0,382.0,1.0
2248,587.0,109.0,1.0
2249,514.0,124.0,1.0
2250,588.0,134.0,1.0
2251,175.0,55.0,1.0
2252,246.0,212.0,1.0
2253,341.0,208.0,1.0
2254,19.0,391.0,1.0
2255,97.0,404.0,1.0
2256,519.0,133.0,1.0
2257,358.0,163.0,1.0
2258,241.0,151.0,1.0
2259,500.0,181.0,1.0
2260,275.0,16.0,1.0
2261,315.0,390.0,1.0
2262,83.0,24.0,1.0
2263,539.0,69.0,1.0
2264,455.0,10.0,1.0
2265,652.0,359.0,1.0
2266,540.0,358.0,1.0
2267,326.0,67.0,1.0
2268,624.0,330.0,1.0
2269,227.0,280.0,1.0
2270,50.0,380.0,1.0
2271,45.0,351.0,1.0
2272,407.0,405.0,1.0
2273,31.0,160.0,1.0
2274,154.0,78.0,1.0
2275,386.0,286.0,1.0
2276,268.0,371.0,1.0
2277,259.0,222.0,1.0
2278,629.0,76.0,1.0
2279,236.0,49.0,0.0
2280,34.0,140.0,0.0
2281,141.0,219.0,0.0
2282,649.0,116.0,0.0
2283,367.0,403.0,0.0
2284,161.0,131.0,0.0
2285,21.0,324.0,0.0
2286,72.0,207.0,0.0
2287,524.0,302.0,0.0
2288,588.0,99.0,0.0
2289,404.0,41.0,0.0
2290,27.0,294.0,0.0
2291,521.0,334.0,0.0
2292,143.0,255.0,0.0
2293,137.0,296.0,0.0
2294,190.0,265.0,0.0
2295,599.0,93.0,0.0
2296,513.0,74.0,0.0
2297,261.0,217.0,0.0
2298,604.0,224.0,0.0
2299,118.0,195.0,0.0
2300,189.0,272.0,0.0
2301,481.0,339.0,0.0
2302,29.0,214.0,0.0
2303,13.0,262.0,0.0
2304,493.0,102.0,0.0
2305,247.0,363.0,0.0
2306,440.0,394.0,0.0
2307,190.0,107.0,0.0
2308,570.0,378.0,0.0
2309,493.0,201.0,0.0
2310,160.0,205.0,0.0
2311,233.0,207.0,0.0
2312,249.0,399.0,0.0
2313,175.0,356.0,0.0
2314,522.0,280.0,0.0
2315,131.0,295.0,0.0
2316,310.0,225.0,0.0
2317,8.0,159.0,0.0
2318,74.0,158.0,0.0
2319,21.0,174.0,0.0
2320,212.0,356.0,0.0
2321,377.0,15.0,0.0
2322,332.0,229.0,0.0
2323,168.0,45.0,0.0
2324,375.0,226.0,0.0
2325,83.0,200.0,0.0
2326,12.0,258.0,0.0
2327,356.0,336.0,0.0
2328,39.0,247.0,0.0
2329,253.0,229.0,0.0
2330,382.0,79.0,0.0
2331,490.0,205.0,0.0
2332,407.0,380.0,0.0
2333,137.0,280.0,0.0
2334,173.0,355.0,0.0
2335,576.0,394.0,0.0
2336,307.0,217.0,0.0
2337,420.0,16.0,0.0
2338,314.0,192.0,0.0
2339,49.0,147.0,0.0
2340,441.0,24.0,0.0
2341,439.0,222.0,0.0
2342,120.0,240.0,0.0
2343,143.0,366.0,0.0
2344,597.0,254.0,0.0
2345,167.0,273.0,0.0
2346,287.0,118.0,0.0
2347,74.0,109.0,0.0
2348,444.0,278.0,0.0
2349,347.0,258.0,0.0
2350,656.0,91.0,0.0
2351,573.0,193.0,0.0
2352,321.0,347.0,0.0
2353,381.0,125.0,0.0
2354,401.0,65.0,0.0
2355,144.0,91.0,0.0
2356,174.0,329.0,0.0
2357,494.0,57.0,0.0
2358,212.0,173.0,0.0
2359,70.0,226.0,0.0
2360,44.0,93.0,0.0
2361,142.0,159.0,0.0
2362,230.0,224.0,0.0
2363,81.0,387.0,0.0
2364,425.0,111.0,0.0
2365,590.0,283.0,0.0
2366,90.0,103.0,0.0
2367,122.0,198.0,0.0
2368,232.0,224.0,0.0
2369,265.0,89.0,0.0
2370,100.0,148.0,0.0
2371,340.0,302.0,0.0
2372,426.0,14.0,0.0
2373,320.0,302.0,0.0
2374,408.0,180.0,0.0
2375,515.0,133.0,0.0
2376,8.0,144.0,0.0
2377,465.0,84.0,0.0
2378,627.0,238.0,0.0
2379,378.0,408.0,0.0
2380,447.0,33.0,0.0
2381,334.0,167.0,0.0
2382,203.0,205.0,0.0
2383,557.0,339.0,0.0
2384,169.0,215.0,0.0
2385,370.0,208.0,0.0
2386,517.0,401.0,0.0
2387,546.0,319.0,0.0
2388,473.0,46.0,0.0
2389,458.0,121.0,0.0
2390,62.0,309.0,0.0
2391,1.0,139.0,0.0
2392,566.0,301.0,0.0
2393,627.0,175.0,0.0
2394,434.0,318.0,0.0
2395,636.0,133.0,0.0
2396,40.0,192.0,0.0
2397,185.0,31.0,0.0
2398,465.0,79.0,0.0
2399,483.0,287.0,0.0
2400,599.0,350.0,0.0
2401,413.0,35.0,0.0
2402,585.0,78.0,0.0
2403,243.0,187.0,0.0
2404,588.0,92.0,0.0
2405,566.0,337.0,0.0
2406,126.0,36.0,0.0
2407,227.0,152.0,0.0
2408,578.0,223.0,0.0
2409,257.0,305.0,0.0
2410,636.0,6.0,0.0
2411,397.0,338.0,0.0
2412,437.0,104.0,0.0
2413,195.0,385.0,0.0
2414,104.0,169.0,0.0
2415,310.0,44.0,0.0
2416,242.0,308.0,0.0
2417,500.0,129.0,0.0
2418,661.0,197.0,0.0
2419,172.0,250.0,0.0
2420,459.0,408.0,0.0
2421,447.0,208.0,0.0
2422,384.0,192.0,0.0
2423,378.0,174.0,0.0
2424,390.0,212.0,0.0
2425,30.0,181.0,0.0
2426,349.0,367.0,0.0
2427,489.0,181.0,0.0
2428,280.0,265.0,0.0
2429,61.0,217.0,0.0
2430,179.0,160.0,0.0
2431,157.0,299.0,0.0
2432,526.0,186.0,0.0
2433,576.0,334.0,0.0
2434,288.0,131.0,0.0
2435,630.0,52.0,0.0
2436,403.0,184.0,0.0
2437,331.0,376.0,0.0
2438,454.0,147.0,0.0
2439,171.0,114.0,0.0
2440,135.0,273.0,0.0
2441,12.0,145.0,0.0
2442,244.0,323.0,0.0
2443,323.0,59.0,0.0
2444,72.0,93.0,0.0
2445,13.0,309.0,0.0
2446,153.0,185.0,0.0
2447,616.0,25.0,0.0
2448,311.0,221.0,0.0
2449,42.0,251.0,0.0
2450,26.0,281.0,0.0
2451,260.0,160.0,0.0
2452,250.0,97.0,0.0
2453,606.0,344.0,0.0
2454,562.0,109.0,0.0
2455,509.0,290.0,0.0
2456,248.0,249.0,0.0
2457,404.0,214.0,0.0
2458,614.0,194.0,0.0
2459,184.0,96.0,0.0
2460,322.0,319.0,0.0
2461,371.0,399.0,0.0
2462,324.0,178.0,0.0
2463,317.0,200.0,0.0
2464,285.0,91.0,0.0
2465,638.0,10.0,0.0
2466,305.0,80.0,0.0
2467,558.0,349.0,0.0
2468,23.0,268.0,0.0
2469,522.0,385.0,0.0
2470,553.0,63.0,0.0
2471,487.0,192.0,0.0
2472,263.0,334.0,0.0
2473,584.0,233.0,0.0
2474,662.0,64.0,0.0
2475,613.0,287.0,0.0
2476,554.0,243.0,0.0
2477,337.0,235.0,0.0
2478,468.0,95.0,0.0
2479,85.0,377.0,0.0
2480,330.0,170.0,0.0
2481,600.0,214.0,0.0
2482,270.0,227.0,0.0
2483,646.0,377.0,0.0
2484,40.0,47.0,0.0
2485,39.0,215.0,0.0
2486,109.0,21.0,0.0
2487,550.0,389.0,0.0
2488,428.0,293.0,0.0
2489,40.0,289.0,0.0
2490,626.0,111.0,0.0
2491,515.0,256.0,0.0
2492,192.0,9.0,0.0
2493,11.0,393.0,0.0
2494,446.0,38.0,0.0
2495,293.0,121.0,0.0
2496,36.0,310.0,0.0
2497,175.0,219.0,0.0
2498,648.0,374.0,0.0
2499,468.0,235.0,0.0
2500,89.0,27.0,0.0
2501,452.0,391.0,0.0
2502,236.0,292.0,0.0
2503,493.0,168.0,0.0
2504,661.0,319.0,0.0
2505,477.0,162.0,0.0
2506,184.0,188.0,0.0
2507,517.0,408.0,0.0
2508,140.0,32.0,0.0
2509,251.0,178.0,0.0
2510,413.0,87.0,0.0
2511,374.0,239.0,0.0
2512,414.0,118.0,0.0
2513,499.0,275.0,0.0
2514,462.0,26.0,0.0
2515,449.0,151.0,0.0
2516,208.0,199.0,0.0
2517,27.0,257.0,0.0
2518,188.0,124.0,0.0
2519,101.0,65.0,0.0
2520,35.0,405.0,0.0
2521,613.0,310.0,0.0
2522,511.0,147.0,0.0
2523,436.0,217.0,0.0
2524,445.0,77.0,0.0
2525,100.0,189.0,0.0
2526,215.0,192.0,0.0
2527,627.0,84.0,0.0
2528,30.0,73.0,0.0
2529,605.0,211.0,0.0
2530,506.0,70.0,0.0
2531,547.0,215.0,0.0
2532,466.0,43.0,0.0
2533,361.0,229.0,0.0
2534,70.0,403.0,0.0
2535,427.0,188.0,0.0
2536,66.0,209.0,0.0
2537,444.0,247.0,0.0
2538,107.0,121.0,0.0
2539,468.0,47.0,0.0
2540,406.0,378.0,0.0
2541,333.0,157.0,0.0
2542,639.0,294.0,0.0
2543,166.0,40.0,0.0
2544,437.0,395.0,0.0
2545,271.0,181.0,0.0
2546,537.0,333.0,0.0
2547,35.0,115.0,0.0
2548,154.0,246.0,0.0
2549,264.0,331.0,0.0
2550,438.0,370.0,0.0
2551,222.0,386.0,0.0
2552,532.0,61.0,0.0
2553,260.0,239.0,0.0
2554,601.0,395.0,0.0
2555,327.0,86.0,0.0
2556,274.0,407.0,0.0
2557,624.0,96.0,0.0
2558,334.0,369.0,0.0
2559,328.0,96.0,0.0
2560,542.0,142.0,0.0
2561,115.0,305.0,0.0
2562,281.0,119.0,0.0
2563,437.0,293.0,0.0
2564,170.0,178.0,0.0
2565,405.0,212.0,0.0
2566,364.0,356.0,0.0
2567,615.0,235.0,0.0
2568,454.0,354.0,0.0
2569,644.0,19.0,0.0
2570,389.0,223.0,0.0
2571,363.0,272.0,0.0
2572,45.0,212.0,0.0
2573,4.0,164.0,0.0
2574,558.0,290.0,0.0
2575,202.0,110.0,0.0
2576,58.0,370.0,0.0
2577,309.0,121.0,0.0
2578,257.0,151.0,0.0
2579,552.0,192.0,0.0
2580,227.0,158.0,0.0
2581,116.0,149.0,0.0
2582,13.0,248.0,0.0
2583,488.0,300.0,0.0
2584,41.0,298.0,0.0
2585,239.0,43.0,0.0
2586,377.0,363.0,0.0
2587,644.0,365.0,0.0
2588,74.0,236.0,0.0
2589,570.0,120.0,0.0
2590,131.0,118.0,0.0
2591,191.0,252.0,0.0
2592,586.0,198.0,0.0
2593,194.0,72.0,0.0
2594,228.0,77.0,0.0
2595,382.0,381.0,0.0
2596,401.0,334.0,0.0
2597,377.0,287.0,0.0
2598,253.0,338.0,0.0
2599,406.0,235.0,0.0
2600,551.0,233.0,0.0
2601,172.0,351.0,0.0
2602,22.0,234.0,0.0
2603,277.0,155.0,0.0
2604,462.0,402.0,0.0
2605,429.0,181.0,0.0
2606,528.0,404.0,0.0
2607,586.0,316.0,0.0
2608,542.0,303.0,0.0
2609,102.0,50.0,0.0
2610,154.0,144.0,0.0
2611,151.0,35.0,0.0
2612,547.0,120.0,0.0
2613,219.0,396.0,0.0
2614,304.0,275.0,0.0
2615,387.0,153.0,0.0
2616,27.0,299.0,0.0
2617,29.0,367.0,0.0
2618,323.0,140.0,0.0
2619,251.0,281.0,0.0
2620,615.0,328.0,0.0
2621,159.0,10.0,0.0
2622,536.0,222.0,0.0
2623,498.0,175.0,0.0
2624,571.0,231.0,0.0
2625,430.0,2.0,0.0
2626,579.0,402.0,0.0
2627,594.0,326.0,0.0
2628,597.0,79.0,0.0
2629,662.0,83.0,0.0
2630,32.0,219.0,0.0
2631,418.0,333.0,0.0
2632,70.0,93.0,0.0
2633,437.0,13.0,0.0
2634,525.0,366.0,0.0
2635,454.0,296.0,0.0
2636,431.0,55.0,0.0
2637,84.0,42.0,0.0
2638,75.0,64.0,0.0
2639,493.0,39.0,0.0
2640,192.0,363.0,0.0
2641,430.0,156.0,0.0
2642,210.0,119.0,0.0
2643,343.0,351.0,0.0
2644,275.0,43.0,0.0
2645,626.0,317.0,0.0
2646,344.0,387.0,0.0
2647,69.0,347.0,0.0
2648,491.0,318.0,0.0
2649,488.0,304.0,0.0
2650,454.0,265.0,0.0
2651,525.0,118.0,0.0
2652,120.0,343.0,0.0
2653,492.0,7.0,0.0
2654,490.0,303.0,0.0
2655,164.0,324.0,0.0
2656,42.0,190.0,0.0
2657,489.0,5.0,0.0
2658,206.0,140.0,0.0
2659,98.0,97.0,0.0
2660,311.0,134.0,0.0
2661,155.0,133.0,0.0
2662,210.0,49.0,0.0
2663,456.0,357.0,0.0
2664,393.0,265.0,0.0
2665,381.0,105.0,0.0
2666,505.0,83.0,0.0
2667,29.0,140.0,0.0
2668,12.0,313.0,0.0
2669,620.0,67.0,0.0
2670,42.0,176.0,0.0
2671,562.0,38.0,0.0
2672,592.0,360.0,0.0
2673,251.0,322.0,0.0
2674,239.0,327.0,0.0
2675,269.0,80.0,0.0
2676,173.0,279.0,0.0
2677,210.0,284.0,0.0
2678,505.0,234.0,0.0
2679,280.0,336.0,0.0
2680,123.0,222.0,0.0
2681,106.0,302.0,0.0
2682,235.0,241.0,0.0
2683,164.0,174.0,0.0
2684,116.0,262.0,0.0
2685,168.0,105.0,0.0
2686,228.0,236.0,0.0
2687,6.0,96.0,0.0
2688,348.0,37.0,0.0
2689,420.0,209.0,0.0
2690,280.0,122.0,0.0
2691,544.0,393.0,0.0
2692,433.0,377.0,0.0
2693,221.0,339.0,0.0
2694,522.0,115.0,0.0
2695,490.0,132.0,0.0
2696,230.0,21.0,0.0
2697,436.0,251.0,0.0
2698,376.0,317.0,0.0
2699,565.0,365.0,0.0
2700,449.0,118.0,0.0
2701,411.0,224.0,0.0
2702,557.0,302.0,0.0
2703,600.0,110.0,0.0
2704,222.0,400.0,0.0
2705,452.0,274.0,0.0
2706,92.0,190.0,0.0
2707,383.0,28.0,0.0
2708,81.0,156.0,0.0
2709,136.0,163.0,0.0
2710,506.0,379.0,0.0
2711,170.0,297.0,0.0
2712,621.0,246.0,0.0
2713,445.0,189.0,0.0
2714,359.0,100.0,0.0
2715,401.0,21.0,0.0
2716,256.0,63.0,0.0
2717,375.0,276.0,0.0
2718,274.0,262.0,0.0
2719,64.0,11.0,0.0
2720,393.0,218.0,0.0
2721,231.0,102.0,0.0
2722,202.0,363.0,0.0
2723,426.0,338.0,0.0
2724,402.0,305.0,0.0
2725,8.0,143.0,0.0
2726,543.0,404.0,0.0
2727,61.0,377.0,0.0
2728,553.0,130.0,0.0
2729,237.0,204.0,0.0
2730,203.0,124.0,0.0
2731,350.0,243.0,0.0
2732,650.0,249.0,0.0
2733,222.0,18.0,0.0
2734,265.0,343.0,0.0
2735,147.0,177.0,0.0
2736,546.0,352.0,0.0
2737,239.0,225.0,0.0
2738,208.0,175.0,0.0
2739,114.0,24.0,0.0
2740,606.0,187.0,0.0
2741,560.0,289.0,0.0
2742,97.0,399.0,0.0
2743,64.0,226.0,0.0
2744,362.0,242.0,0.0
2745,119.0,193.0,0.0
2746,616.0,34.0,0.0
2747,641.0,333.0,0.0
2748,49.0,254.0,0.0
2749,100.0,11.0,0.0
2750,306.0,43.0,0.0
2751,460.0,32.0,0.0
2752,534.0,286.0,0.0
2753,56.0,165.0,0.0
2754,363.0,392.0,0.0
2755,383.0,176.0,0.0
2756,434.0,46.0,0.0
2757,114.0,267.0,0.0
2758,202.0,245.0,0.0
2759,448.0,379.0,0.0
2760,91.0,170.0,0.0
2761,658.0,123.0,0.0
2762,281.0,75.0,0.0
2763,162.0,320.0,0.0
2764,157.0,203.0,0.0
2765,563.0,111.0,0.0
2766,510.0,71.0,0.0
2767,38.0,129.0,0.0
2768,415.0,310.0,0.0
2769,311.0,346.0,0.0
2770,362.0,158.0,0.0
2771,220.0,146.0,0.0
2772,293.0,291.0,0.0
2773,436.0,300.0,0.0
2774,49.0,78.0,0.0
2775,340.0,350.0,0.0
2776,401.0,26.0,0.0
2777,30.0,280.0,0.0
2778,637.0,319.0,0.0
2779,615.0,374.0,0.0
2780,191.0,311.0,0.0
2781,7.0,193.0,0.0
2782,542.0,328.0,0.0
2783,230.0,356.0,0.0
2784,118.0,219.0,0.0
2785,296.0,263.0,0.0
2786,175.0,390.0,0.0
2787,399.0,181.0,0.0
2788,414.0,381.0,0.0
2789,301.0,318.0,0.0
2790,17.0,55.0,0.0
2791,249.0,322.0,0.0
2792,605.0,7.0,0.0
2793,441.0,69.0,0.0
2794,221.0,84.0,0.0
2795,525.0,4.0,0.0
2796,65.0,302.0,0.0
2797,329.0,199.0,0.0
2798,392.0,48.0,0.0
2799,191.0,144.0,0.0
2800,0.0,175.0,0.0
2801,495.0,143.0,0.0
2802,250.0,184.0,0.0
2803,268.0,39.0,0.0
2804,105.0,181.0,0.0
2805,64.0,219.0,0.0
2806,77.0,6.0,0.0
2807,519.0,184.0,0.0
2808,375.0,311.0,0.0
2809,498.0,211.0,0.0
2810,572.0,30.0,0.0
2811,544.0,4.0,0.0
2812,442.0,204.0,0.0
2813,456.0,183.0,0.0
2814,570.0,184.0,0.0
2815,21.0,301.0,0.0
2816,301.0,34.0,0.0
2817,122.0,16.0,0.0
2818,407.0,273.0,0.0
2819,72.0,8.0,0.0
2820,105.0,179.0,0.0
2821,137.0,359.0,0.0
2822,347.0,296.0,0.0
2823,278.0,296.0,0.0
2824,232.0,261.0,0.0
2825,656.0,117.0,0.0
2826,380.0,333.0,0.0
2827,440.0,53.0,0.0
2828,406.0,105.0,0.0
2829,185.0,134.0,0.0
2830,298.0,301.0,0.0
2831,461.0,196.0,0.0
2832,606.0,33.0,0.0
2833,590.0,140.0,0.0
2834,477.0,226.0,0.0
2835,277.0,0.0,0.0
2836,48.0,110.0,0.0
2837,380.0,53.0,0.0
2838,117.0,188.0,0.0
2839,566.0,262.0,0.0
2840,145.0,336.0,0.0
2841,187.0,50.0,0.0
2842,70.0,80.0,0.0
2843,404.0,265.0,0.0
2844,478.0,374.0,0.0
2845,291.0,30.0,0.0
2846,639.0,386.0,0.0
2847,509.0,235.0,0.0
2848,60.0,59.0,0.0
2849,444.0,69.0,0.0
2850,418.0,184.0,0.0
2851,443.0,401.0,0.0
2852,289.0,188.0,0.0
2853,76.0,365.0,0.0
2854,191.0,399.0,0.0
2855,187.0,37.0,0.0
2856,157.0,272.0,0.0
2857,94.0,46.0,0.0
2858,393.0,111.0,0.0
2859,28.0,140.0,0.0
2860,640.0,97.0,0.0
2861,491.0,154.0,0.0
2862,84.0,282.0,0.0
2863,106.0,137.0,0.0
2864,202.0,58.0,0.0
2865,347.0,28.0,0.0
2866,149.0,360.0,0.0
2867,491.0,149.0,0.0
2868,174.0,225.0,0.0
2869,443.0,244.0,0.0
2870,569.0,238.0,0.0
2871,292.0,267.0,0.0
2872,283.0,12.0,0.0
2873,584.0,18.0,0.0
2874,613.0,296.0,0.0
2875,208.0,380.0,0.0
2876,396.0,391.0,0.0
2877,313.0,254.0,0.0
2878,601.0,39.0,0.0
2879,406.0,365.0,0.0
2880,81.0,131.0,0.0
2881,546.0,267.0,0.0
2882,633.0,278.0,0.0
2883,283.0,269.0,0.0
2884,290.0,330.0,0.0
2885,177.0,73.0,0.0
2886,249.0,375.0,0.0
2887,147.0,303.0,0.0
2888,199.0,404.0,0.0
2889,642.0,226.0,0.0
2890,196.0,332.0,0.0
2891,268.0,397.0,0.0
2892,454.0,116.0,0.0
2893,632.0,355.0,0.0
2894,156.0,55.0,0.0
2895,445.0,131.0,0.0
2896,0.0,253.0,0.0
2897,66.0,285.0,0.0
2898,124.0,168.0,0.0
2899,499.0,100.0,0.0
2900,563.0,194.0,0.0
2901,138.0,162.0,0.0
2902,79.0,261.0,0.0
2903,367.0,110.0,0.0
2904,208.0,266.0,0.0
2905,492.0,231.0,0.0
2906,513.0,183.0,0.0
2907,92.0,244.0,0.0
2908,327.0,381.0,0.0
2909,320.0,271.0,0.0
2910,152.0,138.0,0.0
2911,599.0,52.0,0.0
2912,303.0,283.0,0.0
2913,25.0,125.0,0.0
2914,635.0,34.0,0.0
2915,61.0,60.0,0.0
2916,465.0,334.0,0.0
2917,442.0,1.0,0.0
2918,531.0,364.0,0.0
2919,641.0,238.0,0.0
2920,226.0,50.0,0.0
2921,354.0,269.0,0.0
2922,461.0,87.0,0.0
2923,447.0,386.0,0.0
2924,306.0,84.0,0.0
2925,419.0,328.0,0.0
2926,436.0,190.0,0.0
2927,419.0,258.0,0.0
2928,499.0,312.0,0.0
2929,423.0,109.0,0.0
2930,388.0,164.0,0.0
2931,501.0,182.0,0.0
2932,27.0,2.0,0.0
2933,226.0,193.0,0.0
2934,610.0,379.0,0.0
2935,623.0,220.0,0.0
2936,197.0,324.0,0.0
2937,462.0,336.0,0.0
2938,254.0,59.0,0.0
2939,287.0,326.0,0.0
2940,144.0,202.0,0.0
2941,98.0,353.0,0.0
2942,394.0,46.0,0.0
2943,549.0,272.0,0.0
2944,535.0,283.0,0.0
2945,589.0,386.0,0.0
2946,497.0,363.0,0.0
2947,651.0,188.0,0.0
2948,431.0,376.0,0.0
2949,476.0,317.0,0.0
2950,639.0,67.0,0.0
2951,565.0,121.0,0.0
2952,563.0,24.0,0.0
2953,310.0,354.0,0.0
2954,523.0,407.0,0.0
2955,305.0,99.0,0.0
2956,114.0,103.0,0.0
2957,449.0,95.0,0.0
2958,399.0,20.0,0.0
2959,491.0,340.0,0.0
2960,266.0,279.0,0.0
2961,636.0,375.0,0.0
2962,351.0,381.0,0.0
2963,581.0,394.0,0.0
2964,623.0,140.0,0.0
2965,350.0,319.0,0.0
2966,10.0,249.0,0.0
2967,208.0,295.0,0.0
2968,144.0,240.0,0.0
2969,305.0,298.0,0.0
2970,44.0,227.0,0.0
2971,112.0,146.0,0.0
2972,207.0,188.0,0.0
2973,297.0,139.0,0.0
2974,276.0,347.0,0.0
2975,228.0,210.0,0.0
2976,326.0,35.0,0.0
2977,131.0,75.0,0.0
2978,477.0,98.0,0.0
2979,522.0,168.0,0.0
2980,217.0,317.0,0.0
2981,144.0,353.0,0.0
2982,498.0,276.0,0.0
2983,433.0,221.0,0.0
2984,324.0,132.0,0.0
2985,333.0,67.0,0.0
2986,314.0,325.0,0.0
2987,40.0,22.0,0.0
2988,122.0,321.0,0.0
2989,130.0,83.0,0.0
2990,166.0,66.0,0.0
2991,264.0,198.0,0.0
2992,603.0,397.0,0.0
2993,323.0,222.0,0.0
2994,623.0,372.0,0.0
2995,137.0,119.0,0.0
2996,461.0,324.0,0.0
2997,172.0,330.0,0.0
2998,281.0,335.0,0.0
2999,15.0,71.0,0.0
3000,507.0,188.0,0.0
3001,382.0,329.0,0.0
3002,273.0,356.0,0.0
3003,399.0,36.0,0.0
3004,568.0,179.0,0.0
3005,562.0,51.0,0.0
3006,405.0,390.0,0.0
3007,45.0,233.0,0.0
3008,274.0,218.0,0.0
3009,62.0,107.0,0.0
3010,587.0,336.0,0.0
3011,209.0,199.0,0.0
3012,381.0,186.0,0.0
3013,275.0,40.0,0.0
3014,19.0,186.0,0.0
3015,243.0,70.0,0.0
3016,418.0,20.0,0.0
3017,235.0,155.0,0.0
3018,372.0,311.0,0.0
3019,139.0,299.0,0.0
3020,219.0,77.0,0.0
3021,366.0,215.0,0.0
3022,268.0,105.0,0.0
3023,31.0,334.0,0.0
3024,217.0,165.0,0.0
3025,288.0,238.0,0.0
3026,161.0,50.0,0.0
3027,652.0,11.0,0.0
3028,371.0,200.0,0.0
3029,290.0,234.0,0.0
3030,319.0,344.0,0.0
3031,62.0,397.0,0.0
3032,596.0,54.0,0.0
3033,426.0,98.0,0.0
3034,136.0,285.0,0.0
3035,529.0,113.0,0.0
3036,206.0,229.0,0.0
3037,248.0,393.0,0.0
3038,499.0,199.0,0.0
3039,51.0,252.0,0.0
3040,523.0,37.0,0.0
3041,231.0,407.0,0.0
3042,451.0,323.0,0.0
3043,64.0,132.0,0.0
3044,435.0,94.0,0.0
3045,168.0,311.0,0.0
3046,483.0,100.0,0.0
3047,87.0,325.0,0.0
3048,74.0,355.0,0.0
3049,647.0,115.0,0.0
3050,138.0,308.0,0.0
3051,58.0,37.0,0.0
3052,413.0,183.0,0.0
3053,585.0,145.0,0.0
3054,597.0,103.0,0.0
3055,566.0,137.0,0.0
3056,255.0,32.0,0.0
3057,422.0,57.0,0.0
3058,450.0,310.0,0.0
3059,516.0,123.0,0.0
3060,569.0,383.0,0.0
3061,604.0,130.0,0.0
3062,398.0,337.0,0.0
3063,651.0,299.0,0.0
3064,147.0,175.0,0.0
3065,371.0,172.0,0.0
3066,123.0,219.0,0.0
3067,520.0,83.0,0.0
3068,206.0,107.0,0.0
3069,92.0,29.0,0.0
3070,87.0,206.0,0.0
3071,224.0,65.0,0.0
3072,455.0,362.0,0.0
3073,367.0,219.0,0.0
3074,70.0,184.0,0.0
3075,656.0,158.0,0.0
3076,486.0,324.0,0.0
3077,441.0,246.0,0.0
3078,273.0,68.0,0.0
3079,32.0,152.0,0.0
3080,425.0,198.0,0.0
3081,367.0,335.0,0.0
3082,19.0,171.0,0.0
3083,552.0,328.0,0.0
3084,477.0,173.0,0.0
3085,639.0,168.0,0.0
3086,18.0,402.0,0.0
3087,63.0,65.0,0.0
3088,256.0,22.0,0.0
3089,218.0,380.0,0.0
3090,324.0,213.0,0.0
3091,68.0,195.0,0.0
3092,203.0,230.0,0.0
3093,489.0,266.0,0.0
3094,204.0,327.0,0.0
3095,329.0,329.0,0.0
3096,32.0,206.0,0.0
3097,635.0,92.0,0.0
3098,423.0,328.0,0.0
3099,553.0,229.0,0.0
3100,633.0,361.0,0.0
3101,597.0,393.0,0.0
3102,70.0,259.0,0.0
3103,35.0,356.0,0.0
3104,175.0,183.0,0.0
3105,181.0,286.0,0.0
3106,90.0,67.0,0.0
3107,574.0,103.0,0.0
3108,218.0,244.0,0.0
3109,289.0,144.0,0.0
3110,492.0,120.0,0.0
3111,530.0,289.0,0.0
3112,131.0,47.0,0.0
3113,488.0,74.0,0.0
3114,63.0,120.0,0.0
3115,38.0,170.0,0.0
3116,25.0,21.0,0.0
3117,589.0,67.0,0.0
3118,81.0,151.0,0.0
3119,477.0,41.0,0.0
3120,224.0,211.0,0.0
3121,290.0,93.0,0.0
3122,214.0,294.0,0.0
3123,490.0,74.0,0.0
3124,633.0,269.0,0.0
3125,97.0,74.0,0.0
3126,313.0,181.0,0.0
3127,402.0,117.0,0.0
3128,543.0,268.0,0.0
3129,251.0,111.0,0.0
3130,554.0,182.0,0.0
3131,75.0,389.0,0.0
3132,526.0,303.0,0.0
3133,193.0,2.0,0.0
3134,81.0,27.0,0.0
3135,402.0,267.0,0.0
3136,373.0,216.0,0.0
3137,493.0,182.0,0.0
3138,396.0,261.0,0.0
3139,156.0,165.0,0.0
3140,575.0,352.0,0.0
3141,123.0,104.0,0.0
3142,459.0,136.0,0.0
3143,546.0,40.0,0.0
3144,112.0,132.0,0.0
3145,623.0,16.0,0.0
3146,34.0,113.0,0.0
3147,210.0,237.0,0.0
3148,366.0,232.0,0.0
3149,646.0,271.0,0.0
3150,76.0,345.0,0.0
3151,237.0,45.0,0.0
3152,413.0,39.0,0.0
3153,533.0,261.0,0.0
3154,125.0,332.0,0.0
3155,480.0,182.0,0.0
3156,245.0,339.0,0.0
3157,321.0,126.0,0.0
3158,305.0,186.0,0.0
3159,517.0,117.0,0.0
3160,525.0,266.0,0.0
3161,640.0,226.0,0.0
3162,88.0,237.0,0.0
3163,8.0,284.0,0.0
3164,590.0,100.0,0.0
3165,510.0,53.0,0.0
3166,288.0,150.0,0.0
3167,332.0,234.0,0.0
3168,284.0,303.0,0.0
3169,19.0,300.0,0.0
3170,555.0,142.0,0.0
3171,144.0,324.0,0.0
3172,482.0,278.0,0.0
3173,338.0,37.0,0.0
3174,152.0,194.0,0.0
3175,334.0,179.0,0.0
3176,94.0,242.0,0.0
3177,54.0,66.0,0.0
3178,588.0,355.0,0.0
3179,423.0,49.0,0.0
3180,564.0,363.0,0.0
3181,606.0,156.0,0.0
3182,78.0,25.0,0.0
3183,53.0,306.0,0.0
3184,604.0,34.0,0.0
3185,637.0,98.0,0.0
3186,638.0,71.0,0.0
3187,163.0,271.0,0.0
3188,312.0,23.0,0.0
3189,394.0,91.0,0.0
3190,347.0,184.0,0.0
3191,354.0,183.0,0.0
3192,609.0,313.0,0.0
3193,469.0,7.0,0.0
3194,350.0,333.0,0.0
3195,548.0,6.0,0.0
3196,86.0,309.0,0.0
3197,517.0,348.0,0.0
3198,96.0,164.0,0.0
3199,176.0,243.0,0.0
3200,489.0,168.0,0.0
3201,3.0,80.0,0.0
3202,361.0,253.0,0.0
3203,271.0,338.0,0.0
3204,161.0,38.0,0.0
3205,238.0,220.0,0.0
3206,594.0,54.0,0.0
3207,656.0,314.0,0.0
3208,662.0,168.0,0.0
3209,497.0,122.0,0.0
3210,107.0,49.0,0.0
3211,593.0,243.0,0.0
3212,486.0,199.0,0.0
3213,412.0,173.0,0.0
3214,132.0,15.0,0.0
3215,453.0,206.0,0.0
3216,570.0,53.0,0.0
3217,574.0,238.0,0.0
3218,529.0,233.0,0.0
3219,387.0,394.0,0.0
3220,79.0,269.0,0.0
3221,474.0,290.0,0.0
3222,540.0,297.0,0.0
3223,135.0,130.0,0.0
3224,240.0,98.0,0.0
3225,431.0,297.0,0.0
3226,400.0,2.0,0.0
3227,577.0,106.0,0.0
3228,649.0,129.0,0.0
3229,517.0,272.0,0.0
3230,84.0,327.0,0.0
3231,524.0,39.0,0.0
3232,633.0,76.0,0.0
3233,407.0,97.0,0.0
3234,329.0,76.0,0.0
3235,344.0,398.0,0.0
3236,57.0,50.0,0.0
3237,292.0,362.0,0.0
3238,499.0,8.0,0.0
3239,309.0,204.0,0.0
3240,30.0,42.0,0.0
3241,286.0,228.0,0.0
3242,645.0,391.0,0.0
3243,519.0,39.0,0.0
3244,52.0,25.0,0.0
3245,3.0,267.0,0.0
3246,403.0,248.0,0.0
3247,600.0,193.0,0.0
3248,368.0,227.0,0.0
3249,334.0,211.0,0.0
3250,115.0,346.0,0.0
3251,187.0,314.0,0.0
3252,646.0,204.0,0.0
3253,227.0,289.0,0.0
3254,636.0,380.0,0.0
3255,363.0,3.0,0.0
3256,626.0,408.0,0.0
3257,139.0,216.0,0.0
3258,484.0,288.0,0.0
3259,156.0,182.0,0.0
3260,599.0,207.0,0.0
3261,11.0,156.0,0.0
3262,536.0,333.0,0.0
3263,448.0,103.0,0.0
3264,546.0,171.0,0.0
3265,202.0,281.0,0.0
3266,559.0,397.0,0.0
3267,350.0,39.0,0.0
3268,345.0,93.0,0.0
3269,145.0,310.0,0.0
3270,103.0,362.0,0.0
3271,578.0,77.0,0.0
3272,356.0,250.0,0.0
3273,620.0,322.0,0.0
3274,31.0,155.0,0.0
3275,531.0,27.0,0.0
3276,238.0,300.0,0.0
3277,102.0,70.0,0.0
3278,153.0,287.0,0.0
3279,198.0,271.0,0.0
3280,394.0,290.0,0.0
3281,318.0,282.0,0.0
3282,269.0,10.0,0.0
3283,286.0,263.0,0.0
3284,59.0,267.0,0.0
3285,292.0,43.0,0.0
3286,67.0,351.0,0.0
3287,55.0,365.0,0.0
3288,541.0,186.0,0.0
3289,266.0,234.0,0.0
3290,487.0,120.0,0.0
3291,272.0,79.0,0.0
3292,102.0,51.0,0.0
3293,241.0,316.0,0.0
3294,42.0,241.0,0.0
3295,403.0,195.0,0.0
3296,453.0,296.0,0.0
3297,5.0,303.0,0.0
3298,244.0,52.0,0.0
3299,68.0,231.0,0.0
3300,600.0,309.0,0.0
3301,526.0,100.0,0.0
3302,260.0,145.0,0.0
3303,361.0,404.0,0.0
3304,520.0,333.0,0.0
3305,32.0,198.0,0.0
3306,453.0,308.0,0.0
3307,35.0,338.0,0.0
3308,200.0,51.0,0.0
3309,623.0,51.0,0.0
3310,213.0,183.0,0.0
3311,152.0,264.0,0.0
3312,62.0,285.0,0.0
3313,528.0,85.0,0.0
3314,393.0,134.0,0.0
3315,420.0,204.0,0.0
3316,294.0,237.0,0.0
3317,293.0,177.0,0.0
3318,551.0,375.0,0.0
3319,48.0,180.0,0.0
3320,181.0,231.0,0.0
3321,554.0,15.0,0.0
3322,215.0,145.0,0.0
3323,125.0,285.0,0.0
3324,287.0,270.0,0.0
3325,378.0,357.0,0.0
3326,585.0,398.0,0.0
3327,366.0,339.0,0.0
3328,222.0,278.0,0.0
3329,606.0,122.0,0.0
3330,40.0,93.0,0.0
3331,330.0,118.0,0.0
3332,362.0,163.0,0.0
3333,506.0,8.0,0.0
3334,181.0,267.0,0.0
3335,419.0,375.0,0.0
3336,245.0,237.0,0.0
3337,341.0,154.0,0.0
3338,53.0,400.0,0.0
3339,428.0,10.0,0.0
3340,384.0,362.0,0.0
3341,125.0,116.0,0.0
3342,597.0,135.0,0.0
3343,132.0,73.0,0.0
3344,48.0,322.0,0.0
3345,30.0,339.0,0.0
3346,431.0,371.0,0.0
3347,547.0,72.0,0.0
3348,86.0,28.0,0.0
3349,117.0,139.0,0.0
3350,49.0,383.0,0.0
3351,34.0,146.0,0.0
3352,519.0,294.0,0.0
3353,561.0,149.0,0.0
3354,339.0,354.0,0.0
3355,300.0,15.0,0.0
3356,265.0,119.0,0.0
3357,230.0,28.0,0.0
3358,65.0,8.0,0.0
3359,47.0,376.0,0.0
3360,19.0,379.0,0.0
3361,639.0,393.0,0.0
3362,539.0,48.0,0.0
3363,597.0,371.0,0.0
3364,138.0,58.0,0.0
3365,133.0,9.0,0.0
3366,283.0,56.0,0.0
3367,488.0,121.0,0.0
3368,296.0,62.0,0.0
3369,65.0,30.0,0.0
3370,552.0,76.0,0.0
3371,645.0,358.0,0.0
3372,389.0,354.0,0.0
3373,414.0,114.0,0.0
3374,411.0,331.0,0.0
3375,579.0,142.0,0.0
3376,561.0,371.0,0.0
3377,326.0,111.0,0.0
3378,67.0,87.0,0.0
3379,449.0,250.0,0.0
3380,550.0,131.0,0.0
3381,137.0,293.0,0.0
3382,460.0,347.0,0.0
3383,391.0,316.0,0.0
3384,539.0,182.0,0.0
3385,635.0,213.0,0.0
3386,497.0,68.0,0.0
3387,485.0,214.0,0.0
3388,431.0,393.0,0.0
3389,437.0,405.0,0.0
3390,547.0,322.0,0.0
3391,534.0,390.0,0.0
3392,392.0,101.0,0.0
3393,568.0,209.0,0.0
3394,194.0,322.0,0.0
3395,497.0,134.0,0.0
3396,590.0,211.0,0.0
3397,422.0,178.0,0.0
3398,504.0,41.0,0.0
3399,303.0,247.0,0.0
3400,62.0,173.0,0.0
3401,570.0,66.0,0.0
3402,61.0,180.0,0.0
3403,601.0,392.0,0.0
3404,537.0,160.0,0.0
3405,488.0,118.0,0.0
3406,504.0,85.0,0.0
3407,470.0,279.0,0.0
3408,13.0,321.0,0.0
3409,356.0,82.0,0.0
3410,157.0,380.0,0.0
3411,384.0,212.0,0.0
3412,449.0,241.0,0.0
3413,470.0,288.0,0.0
3414,571.0,268.0,0.0
3415,649.0,233.0,0.0
3416,404.0,113.0,0.0
3417,655.0,360.0,0.0
3418,516.0,249.0,0.0
3419,368.0,207.0,0.0
3420,163.0,288.0,0.0
3421,432.0,353.0,0.0
3422,542.0,178.0,0.0
3423,36.0,116.0,0.0
3424,376.0,189.0,0.0
3425,421.0,148.0,0.0
3426,598.0,97.0,0.0
3427,428.0,200.0,0.0
3428,624.0,242.0,0.0
3429,540.0,337.0,0.0
3430,82.0,265.0,0.0
3431,392.0,144.0,0.0
3432,413.0,309.0,0.0
3433,210.0,256.0,0.0
3434,45.0,403.0,0.0
3435,127.0,224.0,0.0
3436,201.0,376.0,0.0
3437,311.0,367.0,0.0
3438,399.0,8.0,0.0
3439,21.0,380.0,0.0
3440,50.0,10.0,0.0
3441,390.0,355.0,0.0
3442,591.0,147.0,0.0
3443,638.0,382.0,0.0
3444,243.0,174.0,0.0
3445,457.0,283.0,0.0
3446,342.0,296.0,0.0
3447,661.0,166.0,0.0
3448,59.0,55.0,0.0
3449,522.0,167.0,0.0
3450,294.0,244.0,0.0
3451,472.0,147.0,0.0
3452,181.0,321.0,0.0
3453,398.0,310.0,0.0
3454,475.0,169.0,0.0
3455,484.0,6.0,0.0
3456,535.0,32.0,0.0
3457,595.0,89.0,0.0
3458,387.0,82.0,0.0
3459,546.0,365.0,0.0
3460,219.0,273.0,0.0
3461,97.0,285.0,0.0
3462,154.0,302.0,0.0
3463,465.0,218.0,0.0
3464,652.0,321.0,0.0
3465,634.0,337.0,0.0
3466,157.0,106.0,0.0
3467,162.0,273.0,0.0
3468,211.0,265.0,0.0
3469,158.0,402.0,0.0
3470,2.0,203.0,0.0
3471,20.0,387.0,0.0
3472,480.0,166.0,0.0
3473,544.0,36.0,0.0
3474,24.0,322.0,0.0
3475,62.0,401.0,0.0
3476,454.0,170.0,0.0
3477,500.0,38.0,0.0
3478,429.0,175.0,0.0
3479,55.0,187.0,0.0
3480,136.0,2.0,0.0
3481,188.0,404.0,0.0
3482,289.0,217.0,0.0
3483,297.0,236.0,0.0
3484,82.0,175.0,0.0
3485,112.0,373.0,0.0
3486,517.0,373.0,0.0
3487,573.0,257.0,0.0
3488,3.0,202.0,0.0
3489,651.0,107.0,0.0
3490,228.0,308.0,0.0
3491,292.0,211.0,0.0
3492,54.0,47.0,0.0
3493,244.0,146.0,0.0
3494,502.0,140.0,0.0
3495,331.0,377.0,0.0
3496,232.0,397.0,0.0
3497,58.0,405.0,0.0
3498,379.0,53.0,0.0
3499,568.0,92.0,0.0
3500,221.0,122.0,0.0
3501,205.0,290.0,0.0
3502,277.0,337.0,0.0
3503,588.0,137.0,0.0
3504,447.0,281.0,0.0
3505,617.0,204.0,0.0
3506,404.0,57.0,0.0
3507,106.0,124.0,0.0
3508,70.0,48.0,0.0
3509,317.0,175.0,0.0
3510,316.0,339.0,0.0
3511,611.0,140.0,0.0
3512,411.0,121.0,0.0
3513,419.0,93.0,0.0
3514,263.0,187.0,0.0
3515,522.0,32.0,0.0
3516,452.0,175.0,0.0
3517,605.0,376.0,0.0
3518,3.0,147.0,0.0
3519,388.0,107.0,0.0
3520,414.0,393.0,0.0
3521,518.0,12.0,0.0
3522,154.0,326.0,0.0
3523,650.0,126.0,0.0
3524,653.0,257.0,0.0
3525,150.0,216.0,0.0
3526,393.0,274.0,0.0
3527,97.0,385.0,0.0
3528,320.0,39.0,0.0
3529,121.0,173.0,0.0
3530,605.0,12.0,0.0
3531,8.0,71.0,0.0
3532,37.0,270.0,0.0
3533,365.0,142.0,0.0
3534,151.0,85.0,0.0
3535,577.0,361.0,0.0
3536,33.0,51.0,0.0
3537,525.0,70.0,0.0
3538,304.0,264.0,0.0
3539,609.0,328.0,0.0
3540,397.0,252.0,0.0
3541,603.0,250.0,0.0
3542,224.0,28.0,0.0
3543,209.0,347.0,0.0
3544,545.0,397.0,0.0
3545,363.0,359.0,0.0
3546,3.0,143.0,0.0
3547,332.0,51.0,0.0
3548,575.0,143.0,0.0
3549,255.0,284.0,0.0
3550,223.0,287.0,0.0
3551,556.0,38.0,0.0
3552,504.0,158.0,0.0
3553,209.0,49.0,0.0
3554,303.0,405.0,0.0
3555,22.0,320.0,0.0
3556,366.0,6.0,0.0
3557,48.0,286.0,0.0
3558,57.0,43.0,0.0
3559,379.0,143.0,0.0
3560,470.0,284.0,0.0
3561,7.0,219.0,0.0
3562,287.0,306.0,0.0
3563,588.0,83.0,0.0
3564,644.0,51.0,0.0
3565,98.0,24.0,0.0
3566,408.0,50.0,0.0
3567,130.0,337.0,0.0
3568,217.0,292.0,0.0
3569,583.0,284.0,0.0
3570,253.0,307.0,0.0
3571,239.0,71.0,0.0
3572,513.0,203.0,0.0
3573,447.0,137.0,0.0
3574,521.0,179.0,0.0
3575,503.0,327.0,0.0
3576,534.0,386.0,0.0
3577,131.0,345.0,0.0
3578,152.0,81.0,0.0
3579,524.0,149.0,0.0
3580,126.0,369.0,0.0
3581,44.0,90.0,0.0
3582,616.0,120.0,0.0
3583,319.0,218.0,0.0
3584,197.0,227.0,0.0
3585,26.0,226.0,0.0
3586,635.0,200.0,0.0
3587,293.0,92.0,0.0
3588,128.0,150.0,0.0
3589,31.0,141.0,0.0
3590,13.0,174.0,0.0
3591,204.0,244.0,0.0
3592,122.0,83.0,0.0
3593,272.0,366.0,0.0
3594,227.0,147.0,0.0
3595,310.0,83.0,0.0
3596,618.0,134.0,0.0
3597,232.0,11.0,0.0
3598,219.0,74.0,0.0
3599,563.0,0.0,0.0
3600,394.0,282.0,0.0
3601,241.0,48.0,0.0
3602,522.0,151.0,0.0
3603,279.0,151.0,0.0
3604,626.0,334.0,0.0
3605,543.0,141.0,0.0
3606,464.0,168.0,0.0
3607,604.0,259.0,0.0
3608,556.0,251.0,0.0
3609,153.0,382.0,0.0
3610,118.0,258.0,0.0
3611,65.0,300.0,0.0
3612,383.0,406.0,0.0
3613,462.0,271.0,0.0
3614,536.0,209.0,0.0
3615,444.0,14.0,0.0
3616,2.0,80.0,0.0
3617,73.0,11.0,0.0
3618,42.0,358.0,0.0
3619,182.0,283.0,0.0
3620,3.0,35.0,0.0
3621,107.0,13.0,0.0
3622,493.0,48.0,0.0
3623,391.0,260.0,0.0
3624,117.0,24.0,0.0
3625,301.0,361.0,0.0
3626,168.0,46.0,0.0
3627,508.0,290.0,0.0
3628,484.0,405.0,0.0
3629,92.0,243.0,0.0
3630,159.0,269.0,0.0
3631,152.0,353.0,0.0
3632,564.0,180.0,0.0
3633,248.0,259.0,0.0
3634,409.0,203.0,0.0
3635,486.0,190.0,0.0
3636,532.0,30.0,0.0
3637,505.0,115.0,0.0
3638,557.0,406.0,0.0
3639,284.0,120.0,0.0
3640,92.0,297.0,0.0
3641,395.0,193.0,0.0
3642,501.0,164.0,0.0
3643,282.0,125.0,0.0
3644,383.0,230.0,0.0
3645,481.0,397.0,0.0
3646,300.0,292.0,0.0
3647,218.0,139.0,0.0
3648,148.0,0.0,0.0
3649,48.0,14.0,0.0
3650,496.0,351.0,0.0
3651,638.0,288.0,0.0
3652,644.0,292.0,0.0
3653,153.0,41.0,0.0
3654,486.0,98.0,0.0
3655,653.0,16.0,0.0
3656,437.0,240.0,0.0
3657,353.0,300.0,0.0
3658,8.0,69.0,0.0
3659,333.0,121.0,0.0
3660,6.0,105.0,0.0
3661,490.0,154.0,0.0
3662,576.0,330.0,0.0
3663,317.0,369.0,0.0
3664,314.0,133.0,0.0
3665,398.0,178.0,0.0
3666,369.0,322.0,0.0
3667,558.0,257.0,0.0
3668,375.0,59.0,0.0
3669,595.0,88.0,0.0
3670,362.0,184.0,0.0
3671,146.0,131.0,0.0
3672,656.0,283.0,0.0
3673,111.0,216.0,0.0
3674,437.0,136.0,0.0
3675,83.0,267.0,0.0
3676,307.0,92.0,0.0
3677,383.0,217.0,0.0
3678,624.0,317.0,0.0
3679,350.0,140.0,0.0
3680,549.0,307.0,0.0
3681,48.0,272.0,0.0
3682,481.0,338.0,0.0
3683,105.0,332.0,0.0
3684,451.0,82.0,0.0
3685,145.0,329.0,0.0
3686,289.0,332.0,0.0
3687,344.0,278.0,0.0
3688,595.0,91.0,0.0
3689,290.0,283.0,0.0
3690,171.0,343.0,0.0
3691,53.0,382.0,0.0
3692,362.0,211.0,0.0
3693,600.0,373.0,0.0
3694,280.0,203.0,0.0
3695,367.0,28.0,0.0
3696,320.0,225.0,0.0
3697,13.0,38.0,0.0
3698,185.0,237.0,0.0
3699,348.0,89.0,0.0
3700,285.0,1.0,0.0
3701,428.0,334.0,0.0
3702,420.0,4.0,0.0
3703,544.0,381.0,0.0
3704,379.0,111.0,0.0
3705,438.0,105.0,0.0
3706,137.0,386.0,0.0
3707,11.0,166.0,0.0
3708,496.0,399.0,0.0
3709,21.0,287.0,0.0
3710,304.0,280.0,0.0
3711,198.0,42.0,0.0
3712,152.0,23.0,0.0
3713,376.0,324.0,0.0
3714,74.0,266.0,0.0
3715,404.0,309.0,0.0
3716,537.0,5.0,0.0
3717,37.0,205.0,0.0
3718,389.0,12.0,0.0
3719,68.0,269.0,0.0
3720,325.0,240.0,0.0
3721,116.0,88.0,0.0
3722,525.0,264.0,0.0
3723,110.0,163.0,0.0
3724,83.0,390.0,0.0
3725,19.0,62.0,0.0
3726,318.0,239.0,0.0
3727,531.0,175.0,0.0
3728,615.0,378.0,0.0
3729,614.0,210.0,0.0
3730,78.0,152.0,0.0
3731,109.0,221.0,0.0
3732,358.0,145.0,0.0
3733,32.0,236.0,0.0
3734,536.0,60.0,0.0
3735,613.0,300.0,0.0
3736,460.0,108.0,0.0
3737,516.0,303.0,0.0
3738,630.0,1.0,0.0
3739,469.0,110.0,0.0
3740,38.0,295.0,0.0
3741,133.0,260.0,0.0
3742,246.0,256.0,0.0
3743,129.0,240.0,0.0
3744,353.0,350.0,0.0
3745,300.0,205.0,0.0
3746,105.0,185.0,0.0
3747,291.0,314.0,0.0
3748,267.0,390.0,0.0
3749,56.0,48.0,0.0
3750,492.0,93.0,0.0
3751,305.0,319.0,0.0
3752,106.0,341.0,0.0
3753,630.0,378.0,0.0
3754,257.0,211.0,0.0
3755,175.0,260.0,0.0
3756,145.0,306.0,0.0
3757,348.0,176.0,0.0
3758,625.0,223.0,0.0
3759,328.0,245.0,0.0
3760,633.0,141.0,0.0
3761,358.0,204.0,0.0
3762,486.0,221.0,0.0
3763,137.0,301.0,0.0
3764,348.0,67.0,0.0
3765,535.0,384.0,0.0
3766,396.0,283.0,0.0
3767,187.0,210.0,0.0
3768,188.0,353.0,0.0
3769,194.0,335.0,0.0
3770,643.0,54.0,0.0
3771,87.0,382.0,0.0
3772,147.0,10.0,0.0
3773,239.0,60.0,0.0
3774,362.0,165.0,0.0
3775,550.0,167.0,0.0
3776,296.0,46.0,0.0
3777,236.0,16.0,0.0
3778,345.0,94.0,0.0
3779,255.0,40.0,0.0
3780,252.0,216.0,0.0
3781,479.0,249.0,0.0
3782,273.0,394.0,0.0
3783,477.0,307.0,0.0
3784,603.0,307.0,0.0
3785,332.0,128.0,0.0
3786,48.0,244.0,0.0
3787,235.0,184.0,0.0
3788,3.0,4.0,0.0
3789,311.0,348.0,0.0
3790,341.0,203.0,0.0
3791,420.0,314.0,0.0
3792,94.0,248.0,0.0
3793,622.0,93.0,0.0
3794,541.0,270.0,0.0
3795,504.0,352.0,0.0
3796,515.0,181.0,0.0
3797,660.0,276.0,0.0
3798,327.0,155.0,0.0
3799,638.0,377.0,0.0
3800,418.0,62.0,0.0
3801,616.0,311.0,0.0
3802,397.0,11.0,0.0
3803,419.0,282.0,0.0
3804,281.0,51.0,0.0
3805,117.0,397.0,0.0
3806,375.0,346.0,0.0
3807,241.0,103.0,0.0
3808,181.0,241.0,0.0
3809,44.0,164.0,0.0
3810,499.0,221.0,0.0
3811,653.0,291.0,0.0
3812,378.0,261.0,0.0
3813,186.0,44.0,0.0
3814,348.0,106.0,0.0
3815,413.0,56.0,0.0
3816,465.0,106.0,0.0
3817,409.0,352.0,0.0
3818,367.0,205.0,0.0
3819,644.0,166.0,0.0
3820,267.0,391.0,0.0
3821,58.0,216.0,0.0
3822,409.0,378.0,0.0
3823,107.0,114.0,0.0
3824,278.0,293.0,0.0
3825,321.0,127.0,0.0
3826,173.0,352.0,0.0
3827,214.0,312.0,0.0
3828,319.0,272.0,0.0
3829,211.0,372.0,0.0
3830,653.0,218.0,0.0
3831,411.0,211.0,0.0
3832,406.0,146.0,0.0
3833,269.0,312.0,0.0
3834,386.0,174.0,0.0
3835,612.0,297.0,0.0
3836,277.0,264.0,0.0
3837,526.0,343.0,0.0
3838,65.0,154.0,0.0
3839,66.0,59.0,0.0
3840,623.0,310.0,0.0
3841,430.0,277.0,0.0
3842,240.0,114.0,0.0
3843,293.0,283.0,0.0
3844,489.0,386.0,0.0
3845,197.0,400.0,0.0
3846,559.0,25.0,0.0
3847,87.0,243.0,0.0
3848,327.0,283.0,0.0
3849,570.0,194.0,0.0
3850,188.0,52.0,0.0
3851,577.0,375.0,0.0
3852,318.0,54.0,0.0
3853,325.0,83.0,0.0
3854,237.0,124.0,0.0
3855,317.0,145.0,0.0
3856,54.0,272.0,0.0
3857,22.0,367.0,0.0
3858,351.0,281.0,0.0
3859,373.0,169.0,0.0
3860,296.0,235.0,0.0
3861,25.0,271.0,0.0
3862,207.0,249.0,0.0
3863,646.0,45.0,0.0
3864,71.0,302.0,0.0
3865,238.0,55.0,0.0
3866,151.0,301.0,0.0
3867,405.0,332.0,0.0
3868,31.0,140.0,0.0
3869,631.0,53.0,0.0
3870,622.0,98.0,0.0
3871,310.0,286.0,0.0
3872,534.0,33.0,0.0
3873,93.0,187.0,0.0
3874,125.0,195.0,0.0
3875,215.0,391.0,0.0
3876,283.0,150.0,0.0
3877,223.0,134.0,0.0
3878,365.0,15.0,0.0
3879,214.0,250.0,0.0
3880,17.0,328.0,0.0
3881,230.0,263.0,0.0
3882,18.0,137.0,0.0
3883,25.0,364.0,0.0
3884,253.0,387.0,0.0
3885,86.0,226.0,0.0
3886,425.0,316.0,0.0
3887,509.0,252.0,0.0
3888,610.0,113.0,0.0
3889,306.0,132.0,0.0
3890,451.0,39.0,0.0
3891,597.0,281.0,0.0
3892,200.0,345.0,0.0
3893,605.0,352.0,0.0
3894,563.0,376.0,0.0
3895,542.0,225.0,0.0
3896,618.0,34.0,0.0
3897,459.0,238.0,0.0
3898,284.0,240.0,0.0
3899,383.0,345.0,0.0
3900,60.0,276.0,0.0
3901,218.0,207.0,0.0
3902,636.0,143.0,0.0
3903,25.0,283.0,0.0
3904,455.0,163.0,0.0
3905,72.0,9.0,0.0
3906,233.0,143.0,0.0
3907,283.0,66.0,0.0
3908,1.0,71.0,0.0
3909,486.0,398.0,0.0
3910,118.0,54.0,0.0
3911,545.0,73.0,0.0
3912,609.0,119.0,0.0
3913,459.0,393.0,0.0
3914,454.0,214.0,0.0
3915,291.0,275.0,0.0
3916,618.0,105.0,0.0
3917,34.0,384.0,0.0
3918,384.0,90.0,0.0
3919,332.0,173.0,0.0
3920,547.0,183.0,0.0
3921,535.0,255.0,0.0
3922,530.0,318.0,0.0
3923,597.0,225.0,0.0
3924,160.0,29.0,0.0
3925,335.0,138.0,0.0
3926,569.0,81.0,0.0
3927,636.0,31.0,0.0
3928,44.0,315.0,0.0
3929,541.0,99.0,0.0
3930,579.0,18.0,0.0
3931,187.0,233.0,0.0
3932,0.0,316.0,0.0
3933,38.0,46.0,0.0
3934,205.0,265.0,0.0
3935,553.0,289.0,0.0
3936,88.0,335.0,0.0
3937,321.0,391.0,0.0
3938,243.0,103.0,0.0
3939,81.0,170.0,0.0
3940,422.0,84.0,0.0
3941,534.0,79.0,0.0
3942,279.0,26.0,0.0
3943,602.0,254.0,0.0
3944,54.0,289.0,0.0
3945,252.0,145.0,0.0
3946,630.0,114.0,0.0
3947,423.0,360.0,0.0
3948,211.0,360.0,0.0
3949,87.0,173.0,0.0
3950,136.0,269.0,0.0
3951,69.0,208.0,0.0
3952,461.0,62.0,0.0
3953,437.0,175.0,0.0
3954,382.0,66.0,0.0
3955,7.0,330.0,0.0
3956,485.0,326.0,0.0
3957,187.0,337.0,0.0
3958,306.0,342.0,0.0
3959,44.0,222.0,0.0
3960,149.0,362.0,0.0
3961,180.0,398.0,0.0
3962,504.0,97.0,0.0
3963,61.0,120.0,0.0
3964,550.0,22.0,0.0
3965,125.0,151.0,0.0
3966,404.0,373.0,0.0
3967,371.0,229.0,0.0
3968,125.0,330.0,0.0
3969,577.0,166.0,0.0
3970,349.0,213.0,0.0
3971,305.0,57.0,0.0
3972,291.0,118.0,0.0
3973,242.0,259.0,0.0
3974,424.0,86.0,0.0
3975,560.0,255.0,0.0
3976,295.0,316.0,0.0
3977,48.0,71.0,0.0
3978,569.0,337.0,0.0
3979,74.0,90.0,0.0
3980,659.0,252.0,0.0
3981,147.0,127.0,0.0
3982,212.0,381.0,0.0
3983,468.0,6.0,0.0
3984,212.0,323.0,0.0
3985,108.0,46.0,0.0
3986,491.0,46.0,0.0
3987,463.0,60.0,0.0
3988,476.0,73.0,0.0
3989,364.0,5.0,0.0
3990,553.0,226.0,0.0
3991,82.0,337.0,0.0
3992,138.0,2.0,0.0
3993,33.0,162.0,0.0
3994,436.0,171.0,0.0
3995,592.0,125.0,0.0
3996,660.0,358.0,0.0
3997,203.0,9.0,0.0
3998,78.0,49.0,0.0
3999,94.0,165.0,0.0
4000,317.0,216.0,0.0
4001,507.0,375.0,0.0
4002,354.0,259.0,0.0
4003,574.0,287.0,0.0
4004,214.0,155.0,0.0
4005,574.0,168.0,0.0
4006,33.0,141.0,0.0
4007,450.0,365.0,0.0
4008,598.0,195.0,0.0
4009,435.0,388.0,0.0
4010,480.0,257.0,0.0
4011,597.0,184.0,0.0
4012,336.0,207.0,0.0
4013,295.0,154.0,0.0
4014,50.0,329.0,0.0
4015,472.0,218.0,0.0
4016,197.0,265.0,0.0
4017,287.0,246.0,0.0
4018,291.0,222.0,0.0
4019,258.0,19.0,0.0
4020,572.0,396.0,0.0
4021,187.0,181.0,0.0
4022,192.0,82.0,0.0
4023,105.0,386.0,0.0
4024,314.0,348.0,0.0
4025,154.0,104.0,0.0
4026,187.0,148.0,0.0
4027,657.0,393.0,0.0
4028,560.0,350.0,0.0
4029,628.0,226.0,0.0
4030,425.0,355.0,0.0
4031,524.0,300.0,0.0
4032,48.0,325.0,0.0
4033,26.0,91.0,0.0
4034,312.0,118.0,0.0
4035,301.0,42.0,0.0
4036,597.0,292.0,0.0
4037,414.0,398.0,0.0
4038,297.0,395.0,0.0
4039,164.0,288.0,0.0
4040,124.0,171.0,0.0
4041,565.0,183.0,0.0
4042,437.0,359.0,0.0
4043,617.0,218.0,0.0
4044,7.0,64.0,0.0
4045,449.0,98.0,0.0
4046,503.0,119.0,0.0
4047,414.0,196.0,0.0
4048,289.0,372.0,0.0
4049,332.0,407.0,0.0
4050,495.0,374.0,0.0
4051,403.0,343.0,0.0
4052,106.0,318.0,0.0
4053,447.0,82.0,0.0
4054,102.0,369.0,0.0
4055,123.0,254.0,0.0
4056,73.0,145.0,0.0
4057,601.0,165.0,0.0
4058,393.0,201.0,0.0
4059,515.0,97.0,0.0
4060,355.0,281.0,0.0
4061,560.0,247.0,0.0
4062,261.0,401.0,0.0
4063,391.0,18.0,0.0
4064,428.0,264.0,0.0
4065,656.0,128.0,0.0
4066,243.0,169.0,0.0
4067,72.0,347.0,0.0
4068,518.0,9.0,0.0
4069,549.0,115.0,0.0
4070,363.0,131.0,0.0
4071,211.0,401.0,0.0
4072,438.0,300.0,0.0
4073,642.0,136.0,0.0
4074,381.0,276.0,0.0
4075,313.0,340.0,0.0
4076,58.0,377.0,0.0
4077,0.0,123.0,0.0
4078,89.0,358.0,0.0
4079,578.0,212.0,0.0
4080,160.0,7.0,0.0
4081,564.0,355.0,0.0
4082,492.0,275.0,0.0
4083,606.0,273.0,0.0
4084,256.0,229.0,0.0
4085,39.0,66.0,0.0
4086,1.0,405.0,0.0
4087,286.0,208.0,0.0
4088,324.0,163.0,0.0
4089,361.0,288.0,0.0
4090,39.0,168.0,0.0
4091,515.0,246.0,0.0
4092,333.0,47.0,0.0
4093,105.0,157.0,0.0
4094,393.0,267.0,0.0
4095,171.0,281.0,0.0
4096,250.0,31.0,0.0
4097,478.0,139.0,0.0
4098,98.0,163.0,0.0
4099,244.0,235.0,0.0
4100,409.0,358.0,0.0
4101,518.0,270.0,0.0
4102,449.0,142.0,0.0
4103,466.0,363.0,0.0
4104,233.0,46.0,0.0
4105,532.0,197.0,0.0
4106,155.0,276.0,0.0
4107,210.0,143.0,0.0
4108,81.0,327.0,0.0
4109,219.0,8.0,0.0
4110,553.0,395.0,0.0
4111,210.0,188.0,0.0
4112,303.0,31.0,0.0
4113,424.0,91.0,0.0
4114,249.0,21.0,0.0
4115,216.0,159.0,0.0
4116,197.0,118.0,0.0
4117,279.0,147.0,0.0
4118,192.0,394.0,0.0
4119,2.0,88.0,0.0
4120,479.0,343.0,0.0
4121,142.0,329.0,0.0
4122,645.0,297.0,0.0
4123,61.0,99.0,0.0
4124,621.0,352.0,0.0
4125,114.0,358.0,0.0
4126,571.0,34.0,0.0
4127,235.0,64.0,0.0
4128,157.0,40.0,0.0
4129,347.0,26.0,0.0
4130,41.0,305.0,0.0
4131,534.0,90.0,0.0
4132,419.0,24.0,0.0
4133,563.0,283.0,0.0
4134,365.0,210.0,0.0
4135,540.0,155.0,0.0
4136,326.0,56.0,0.0
4137,76.0,311.0,0.0
4138,150.0,104.0,0.0
4139,150.0,139.0,0.0
4140,240.0,389.0,0.0
4141,551.0,386.0,0.0
4142,583.0,272.0,0.0
4143,393.0,159.0,0.0
4144,610.0,28.0,0.0
4145,619.0,407.0,0.0
4146,91.0,36.0,0.0
4147,567.0,235.0,0.0
4148,437.0,348.0,0.0
4149,488.0,360.0,0.0
4150,143.0,235.0,0.0
4151,182.0,350.0,0.0
4152,94.0,69.0,0.0
4153,637.0,83.0,0.0
4154,215.0,253.0,0.0
4155,394.0,143.0,0.0
4156,411.0,375.0,0.0
4157,643.0,76.0,0.0
4158,66.0,390.0,0.0
4159,654.0,95.0,0.0
4160,214.0,395.0,0.0
4161,470.0,147.0,0.0
4162,376.0,14.0,0.0
4163,631.0,212.0,0.0
4164,515.0,323.0,0.0
4165,288.0,240.0,0.0
4166,636.0,365.0,0.0
4167,301.0,403.0,0.0
4168,97.0,379.0,0.0
4169,77.0,112.0,0.0
4170,237.0,377.0,0.0
4171,460.0,157.0,0.0
4172,365.0,168.0,0.0
4173,571.0,1.0,0.0
4174,497.0,200.0,0.0
4175,138.0,394.0,0.0
4176,79.0,249.0,0.0
4177,33.0,114.0,0.0
4178,136.0,30.0,0.0
4179,544.0,235.0,0.0
4180,580.0,10.0,0.0
4181,278.0,216.0,0.0
4182,336.0,196.0,0.0
4183,108.0,221.0,0.0
4184,99.0,117.0,0.0
4185,531.0,243.0,0.0
4186,399.0,120.0,0.0
4187,596.0,205.0,0.0
4188,379.0,30.0,0.0
4189,40.0,222.0,0.0
4190,150.0,186.0,0.0
4191,345.0,269.0,0.0
4192,409.0,137.0,0.0
4193,255.0,90.0,0.0
4194,644.0,281.0,0.0
4195,361.0,385.0,0.0
4196,147.0,105.0,0.0
4197,547.0,268.0,0.0
4198,584.0,67.0,0.0
4199,595.0,284.0,0.0
4200,475.0,364.0,0.0
4201,111.0,18.0,0.0
4202,479.0,28.0,0.0
4203,588.0,396.0,0.0
4204,71.0,350.0,0.0
4205,179.0,220.0,0.0
4206,391.0,123.0,0.0
4207,529.0,399.0,0.0
4208,538.0,378.0,0.0
4209,631.0,407.0,0.0
4210,229.0,345.0,0.0
4211,636.0,174.0,0.0
4212,183.0,282.0,0.0
4213,248.0,30.0,0.0
4214,108.0,301.0,0.0
4215,6.0,366.0,0.0
4216,476.0,221.0,0.0
4217,211.0,117.0,0.0
4218,231.0,193.0,0.0
4219,121.0,167.0,0.0
4220,620.0,192.0,0.0
4221,305.0,336.0,0.0
4222,612.0,206.0,0.0
4223,557.0,294.0,0.0
4224,45.0,373.0,0.0
4225,533.0,115.0,0.0
4226,615.0,55.0,0.0
4227,68.0,373.0,0.0
4228,110.0,18.0,0.0
4229,319.0,162.0,0.0
4230,270.0,199.0,0.0
4231,590.0,323.0,0.0
4232,147.0,338.0,0.0
4233,307.0,178.0,0.0
4234,644.0,260.0,0.0
4235,377.0,226.0,0.0
4236,464.0,86.0,0.0
4237,367.0,177.0,0.0
4238,236.0,187.0,0.0
4239,635.0,281.0,0.0
4240,619.0,73.0,0.0
4241,638.0,5.0,0.0
4242,469.0,116.0,0.0
4243,566.0,163.0,0.0
4244,122.0,364.0,0.0
4245,326.0,52.0,0.0
4246,435.0,269.0,0.0
4247,282.0,25.0,0.0
4248,610.0,139.0,0.0
4249,448.0,246.0,0.0
4250,316.0,378.0,0.0
4251,278.0,37.0,0.0
4252,481.0,221.0,0.0
4253,349.0,205.0,0.0
4254,109.0,68.0,0.0
4255,472.0,342.0,0.0
4256,187.0,391.0,0.0
4257,427.0,58.0,0.0
4258,224.0,102.0,0.0
4259,318.0,354.0,0.0
4260,631.0,390.0,0.0
4261,659.0,333.0,0.0
4262,45.0,330.0,0.0
4263,635.0,58.0,0.0
4264,633.0,27.0,0.0
4265,100.0,376.0,0.0
4266,538.0,54.0,0.0
4267,23.0,194.0,0.0
4268,473.0,364.0,0.0
4269,631.0,234.0,0.0
4270,5.0,113.0,0.0
4271,303.0,250.0,0.0
4272,456.0,87.0,0.0
4273,102.0,303.0,0.0
4274,625.0,0.0,0.0
4275,522.0,352.0,0.0
4276,317.0,309.0,0.0
4277,388.0,25.0,0.0
4278,621.0,204.0,0.0
4279,448.0,249.0,0.0
4280,410.0,267.0,0.0
4281,375.0,297.0,0.0
4282,654.0,27.0,0.0
4283,233.0,393.0,0.0
4284,274.0,387.0,0.0
4285,607.0,187.0,0.0
4286,215.0,161.0,0.0
4287,512.0,259.0,0.0
4288,92.0,329.0,0.0
4289,62.0,233.0,0.0
4290,95.0,403.0,0.0
4291,289.0,379.0,0.0
4292,372.0,332.0,0.0
4293,572.0,70.0,0.0
4294,501.0,264.0,0.0
4295,548.0,160.0,0.0
4296,557.0,358.0,0.0
4297,14.0,24.0,0.0
4298,585.0,49.0,0.0
4299,87.0,358.0,0.0
4300,167.0,311.0,0.0
4301,503.0,325.0,0.0
4302,80.0,334.0,0.0
4303,120.0,9.0,0.0
4304,154.0,12.0,0.0
4305,411.0,25.0,0.0
4306,71.0,202.0,0.0
4307,356.0,322.0,0.0
4308,650.0,226.0,0.0
4309,289.0,65.0,0.0
4310,96.0,264.0,0.0
4311,562.0,41.0,0.0
4312,458.0,357.0,0.0
4313,316.0,288.0,0.0
4314,460.0,250.0,0.0
4315,504.0,93.0,0.0
4316,105.0,36.0,0.0
4317,64.0,38.0,0.0
4318,316.0,346.0,0.0
4319,105.0,58.0,0.0
4320,658.0,65.0,0.0
4321,489.0,358.0,0.0
4322,296.0,106.0,0.0
4323,125.0,273.0,0.0
4324,150.0,136.0,0.0
4325,360.0,259.0,0.0
4326,287.0,405.0,0.0
4327,303.0,325.0,0.0
4328,312.0,21.0,0.0
4329,232.0,87.0,0.0
4330,458.0,181.0,0.0
4331,487.0,95.0,0.0
4332,586.0,395.0,0.0
4333,162.0,32.0,0.0
4334,661.0,132.0,0.0
4335,57.0,357.0,0.0
4336,387.0,216.0,0.0
4337,1.0,191.0,0.0
4338,169.0,184.0,0.0
4339,216.0,330.0,0.0
4340,599.0,228.0,0.0
4341,378.0,117.0,0.0
4342,420.0,166.0,0.0
4343,168.0,305.0,0.0
4344,173.0,379.0,0.0
4345,111.0,90.0,0.0
4346,611.0,233.0,0.0
4347,284.0,276.0,0.0
4348,319.0,75.0,0.0
4349,446.0,404.0,0.0
4350,519.0,218.0,0.0
4351,301.0,305.0,0.0
4352,631.0,15.0,0.0
4353,243.0,76.0,0.0
4354,92.0,307.0,0.0
4355,38.0,168.0,0.0
4356,318.0,382.0,0.0
4357,35.0,346.0,0.0
4358,416.0,89.0,0.0
4359,24.0,42.0,0.0
4360,631.0,91.0,0.0
4361,489.0,237.0,0.0
4362,218.0,261.0,0.0
4363,596.0,132.0,0.0
4364,648.0,319.0,0.0
4365,164.0,247.0,0.0
4366,635.0,3.0,0.0
4367,60.0,115.0,0.0
4368,519.0,305.0,0.0
4369,181.0,260.0,0.0
4370,278.0,352.0,0.0
4371,459.0,254.0,0.0
4372,172.0,343.0,0.0
4373,330.0,250.0,0.0
4374,299.0,206.0,0.0
4375,78.0,260.0,0.0
4376,503.0,276.0,0.0
4377,160.0,167.0,0.0
4378,318.0,364.0,0.0
4379,334.0,280.0,0.0
4380,198.0,197.0,0.0
4381,540.0,284.0,0.0
4382,74.0,377.0,0.0
4383,459.0,250.0,0.0
4384,225.0,390.0,0.0
4385,268.0,288.0,0.0
4386,536.0,402.0,0.0
4387,98.0,249.0,0.0
4388,356.0,3.0,0.0
4389,113.0,225.0,0.0
4390,328.0,42.0,0.0
4391,264.0,195.0,0.0
4392,4.0,399.0,0.0
4393,357.0,400.0,0.0
4394,17.0,253.0,0.0
4395,579.0,218.0,0.0
4396,331.0,269.0,0.0
4397,145.0,138.0,0.0
4398,41.0,328.0,0.0
4399,601.0,131.0,0.0
4400,18.0,369.0,0.0
4401,135.0,268.0,0.0
4402,353.0,222.0,0.0
4403,209.0,92.0,0.0
4404,85.0,132.0,0.0
4405,656.0,209.0,0.0
4406,165.0,45.0,0.0
4407,37.0,306.0,0.0
4408,480.0,143.0,0.0
4409,97.0,307.0,0.0
4410,604.0,57.0,0.0
4411,112.0,245.0,0.0
4412,614.0,106.0,0.0
4413,297.0,156.0,0.0
4414,147.0,23.0,0.0
4415,61.0,406.0,0.0
4416,91.0,139.0,0.0
4417,235.0,15.0,0.0
4418,365.0,68.0,0.0
4419,380.0,368.0,0.0
4420,186.0,280.0,0.0
4421,353.0,275.0,0.0
4422,196.0,178.0,0.0
4423,210.0,358.0,0.0
4424,566.0,159.0,0.0
4425,50.0,26.0,0.0
4426,531.0,345.0,0.0
4427,193.0,386.0,0.0
4428,413.0,86.0,0.0
4429,168.0,50.0,0.0
4430,625.0,219.0,0.0
4431,447.0,239.0,0.0
4432,376.0,351.0,0.0
4433,348.0,275.0,0.0
4434,432.0,275.0,0.0
4435,357.0,78.0,0.0
4436,9.0,143.0,0.0
4437,619.0,186.0,0.0
4438,561.0,116.0,0.0
4439,221.0,215.0,0.0
4440,574.0,240.0,0.0
4441,435.0,142.0,0.0
4442,213.0,328.0,0.0
4443,504.0,207.0,0.0
4444,607.0,77.0,0.0
4445,301.0,351.0,0.0
4446,161.0,327.0,0.0
4447,460.0,283.0,0.0
4448,206.0,104.0,0.0
4449,578.0,337.0,0.0
4450,39.0,84.0,0.0
4451,430.0,398.0,0.0
4452,116.0,240.0,0.0
4453,612.0,30.0,0.0
4454,283.0,223.0,0.0
4455,644.0,229.0,0.0
4456,52.0,308.0,0.0
4457,243.0,7.0,0.0
4458,176.0,92.0,0.0
4459,499.0,74.0,0.0
4460,70.0,5.0,0.0
4461,163.0,191.0,0.0
4462,509.0,204.0,0.0
4463,127.0,19.0,0.0
4464,431.0,196.0,0.0
4465,661.0,119.0,0.0
4466,355.0,310.0,0.0
4467,547.0,194.0,0.0
4468,591.0,76.0,0.0
4469,421.0,396.0,0.0
4470,172.0,239.0,0.0
4471,17.0,283.0,0.0
4472,578.0,281.0,0.0
4473,650.0,321.0,0.0
4474,23.0,298.0,0.0
4475,463.0,397.0,0.0
4476,255.0,336.0,0.0
4477,6.0,212.0,0.0
4478,457.0,218.0,0.0
4479,218.0,154.0,0.0
4480,517.0,5.0,0.0
4481,474.0,7.0,0.0
4482,198.0,377.0,0.0
4483,387.0,225.0,0.0
4484,288.0,171.0,0.0
4485,123.0,313.0,0.0
4486,530.0,284.0,0.0
4487,485.0,137.0,0.0
4488,493.0,74.0,0.0
4489,277.0,221.0,0.0
4490,635.0,129.0,0.0
4491,62.0,242.0,0.0
4492,543.0,58.0,0.0
4493,419.0,337.0,0.0
4494,649.0,392.0,0.0
4495,364.0,284.0,0.0
4496,121.0,369.0,0.0
4497,124.0,33.0,0.0
4498,592.0,40.0,0.0
4499,179.0,178.0,0.0
4500,451.0,335.0,0.0
4501,395.0,244.0,0.0
4502,652.0,56.0,0.0
4503,658.0,164.0,0.0
4504,121.0,389.0,0.0
4505,461.0,174.0,0.0
4506,366.0,364.0,0.0
4507,19.0,169.0,0.0
4508,68.0,344.0,0.0
4509,103.0,62.0,0.0
4510,333.0,280.0,0.0
4511,185.0,25.0,0.0
4512,191.0,127.0,0.0
4513,658.0,328.0,0.0
4514,508.0,407.0,0.0
4515,30.0,114.0,0.0
4516,122.0,223.0,0.0
4517,380.0,138.0,0.0
4518,594.0,71.0,0.0
4519,88.0,155.0,0.0
4520,471.0,246.0,0.0
4521,288.0,263.0,0.0
4522,621.0,43.0,0.0
4523,146.0,271.0,0.0
4524,633.0,390.0,0.0
4525,413.0,143.0,0.0
4526,191.0,300.0,0.0
4527,125.0,378.0,0.0
4528,577.0,149.0,0.0
4529,34.0,246.0,0.0
4530,517.0,339.0,0.0
4531,365.0,113.0,0.0
4532,159.0,14.0,0.0
4533,446.0,308.0,0.0
4534,518.0,185.0,0.0
4535,492.0,303.0,0.0
4536,124.0,4.0,0.0
4537,77.0,295.0,0.0
4538,98.0,239.0,0.0
4539,656.0,383.0,0.0
4540,325.0,297.0,0.0
4541,56.0,286.0,0.0
4542,360.0,56.0,0.0
4543,334.0,228.0,0.0
4544,372.0,69.0,0.0
4545,218.0,146.0,0.0
4546,623.0,341.0,0.0
4547,267.0,396.0,0.0
4548,48.0,339.0,0.0
4549,331.0,171.0,0.0
4550,39.0,246.0,0.0
4551,409.0,268.0,0.0
4552,186.0,341.0,0.0
4553,644.0,193.0,0.0
4554,139.0,57.0,0.0
4555,528.0,319.0,0.0
4556,499.0,111.0,0.0
4557,604.0,141.0,0.0
